feature,variable_original,categoria_codigo,categoria,descripcion,coeficiente,odds_ratio,impacto_absoluto,coeficiente_statsmodels,p_value,ci_95_inferior,ci_95_superior,odds_ratio_statsmodels,or_ci_95_inferior,or_ci_95_superior
categoricas__v19d_celular_2,v19d_celular,2,No,19.4. Su hogar tiene: Teléfono celular: No (referencia: Sí),-3.8394718548183198,0.021504956085289007,3.8394718548183198,-3.829666396837249,0.0,-3.8639248045334096,-3.795407989141088,0.021716859234462326,0.02098547379761029,0.022473734906245352
categoricas__v19c_compu_2,v19c_compu,2,No,"19.3. Su hogar tiene: Computadora, laptop o tablet: No (referencia: Sí)",-2.3819475539388035,0.09237050567529746,2.3819475539388035,-2.386577838374268,0.0,-2.41018798656575,-2.3629676901827863,0.09194379262434939,0.08979841209035878,0.0941404286040487
categoricas__urbrur_2,urbrur,2,Rural,Área Urbana - Rural: Rural (referencia: Urbana),-1.0132016416580265,0.3630547456383124,1.0132016416580265,-1.014437012135549,0.0,-1.0275293843028543,-1.0013446399682437,0.3626065154460049,0.3578900780426579,0.3673851081957682
categoricas__v01_tipoviv_3,v01_tipoviv,3,Departamento,1. La vivienda es: (Tipo de vivienda): Departamento (referencia: Casa),0.6641717014322918,1.942880569475542,0.6641717014322918,0.6733771594946764,1.614100982521065e-265,0.6354648401382972,0.7112894788510555,1.960848248553921,1.8878995089939683,2.0366157391003714
categoricas__v09_energia_5,v09_energia,5,No tiene,9. De donde proviene la energía eléctrica que usan en la vivienda: No tiene (referencia: Servicio público de energía eléctrica),-0.37991710446917915,0.68391810061658,0.37991710446917915,-0.38257068839169883,0.0,-0.40079745687641116,-0.3643439199069865,0.6821056723192777,0.6697857077897034,0.6946522489193169
categoricas__v09_energia_3,v09_energia,3,Panel solar,9. De donde proviene la energía eléctrica que usan en la vivienda: Panel solar (referencia: Servicio público de energía eléctrica),-0.36700070445019845,0.6928091569946717,0.36700070445019845,-0.35164705819730663,2.3369562803238187e-36,-0.4063814864788378,-0.29691262991577544,0.7035283827386131,0.6660560275838403,0.7431089350159901
categoricas__v01_tipoviv_5,v01_tipoviv,5,Vivienda improvisada o vivienda móvil,1. La vivienda es: (Tipo de vivienda): Vivienda improvisada o vivienda móvil (referencia: Casa),0.31298674467604387,1.3675034042068333,0.31298674467604387,0.3363705313639123,1.5353820456153453e-24,0.2718926082916721,0.4008484544361525,1.3998576198803052,1.3124460479194566,1.4930909800394412
categoricas__v01_tipoviv_4,v01_tipoviv,4,Cuarto(s) o habitación(es) suelta(s),1. La vivienda es: (Tipo de vivienda): Cuarto(s) o habitación(es) suelta(s) (referencia: Casa),0.21036411219839057,1.2341273389762824,0.21036411219839057,0.22038552311748744,6.417871073687893e-66,0.19519728671128242,0.24557375952369245,1.2465572145860788,1.2155507748501915,1.2783545709376984
categoricas__v01_tipoviv_2,v01_tipoviv,2,"Choza, pahuichi","1. La vivienda es: (Tipo de vivienda): Choza, pahuichi (referencia: Casa)",0.15528075267665958,1.1679858302260413,0.15528075267665958,0.15878660140173068,6.610351698249845e-20,0.12471379489892309,0.19285940790453826,1.172087798097826,1.1328241866048525,1.2127122837720714
categoricas__v09_energia_2,v09_energia,2,Motor propio (Generador),9. De donde proviene la energía eléctrica que usan en la vivienda: Motor propio (Generador) (referencia: Servicio público de energía eléctrica),0.14298002773461443,1.1537067592983332,0.14298002773461443,0.14419295934271165,0.0002678487883326654,0.06664918360172073,0.22173673508370256,1.1551069757048635,1.068920417578801,1.2482427160894543
numericas__tot_pers,tot_pers,,,Total personas (incremento de una unidad),0.13841727289805703,1.1484546693136835,0.13841727289805703,0.13810663762649653,0.0,0.13443572392742742,0.14177755132556563,1.1480979741895179,1.1438911318099978,1.1523202879039525
categoricas__v09_energia_4,v09_energia,4,Otro,9. De donde proviene la energía eléctrica que usan en la vivienda: Otro (referencia: Servicio público de energía eléctrica),-0.12377377070380173,0.8835797098896895,0.12377377070380173,-0.16406905002700545,1.029287282722619e-05,-0.2369719533708153,-0.09116614668319559,0.8486834182439899,0.7890134168740132,0.9128660286360024
categoricas__v01_tipoviv_6,v01_tipoviv,6,Establecimiento no destinado para vivienda,1. La vivienda es: (Tipo de vivienda): Establecimiento no destinado para vivienda (referencia: Casa),0.055735447520998765,1.0573179306539102,0.055735447520998765,0.06337855618696642,0.2593897483629113,-0.04676142337603763,0.17351853574997045,1.065430088051934,0.9543150476955703,1.1894827345198333
numericas__v13_habitac,v13_habitac,,,"13. Cuántos cuartos o habitaciones ocupan, sin contar baño y cocina (incremento de una unidad)",0.02411592418007322,1.0244090647885653,0.02411592418007322,0.02339846922765506,1.6307634670159485e-20,0.01845882546208418,0.028338112993225938,1.023674361021674,1.0186302426765503,1.028743457154432
