municipio_codigo,municipio,pct_urbano,pct_con_energia,pct_computadora,pct_celular,promedio_habitaciones,promedio_personas,pct_3_o_mas_habitaciones,PORCENTAJE_ACCESO_INTERNET
20101,Nuestra Señora de La Paz,98.79887299695932,98.7996700288127,69.42452016346236,97.31112245145925,3.02883262729595,2.9096683948974023,59.01981022671571,89.8354527738701
20102,Palca,0.0,86.9215557020435,7.456742653117275,86.02416254805053,2.157415952537904,2.85497692814766,30.30982201713909,52.15557020435069
20103,Mecapaca,0.0,91.45860709592641,28.235822235522967,91.5756396827772,2.692071835304424,2.9721127171849906,47.27697474083808,67.1630895021171
20104,Achocalla,88.81389212738542,85.05246364361538,26.635125631353493,91.52867463717153,2.3464441308216237,2.7428974657912497,37.39952138430386,68.85929925753206
20105,El Alto,99.9385695775064,97.16647980181136,49.198477723704116,95.91471448861206,2.8408952057415626,2.9457633149601543,52.45453141679367,84.12006794271865
20201,Achacachi,19.40379995632234,84.4998908058528,19.583048530416953,85.90714896041014,2.5937431753658005,2.551703428696222,42.73312950425857,48.187377156584404
20202,Villa Ancoraimes,0.0,74.66231260204839,6.760738098930067,80.2015503875969,2.1120676859136114,2.5039335015585573,29.211815348077778,33.60546237197566
20203,Huarina,0.0,77.95753286147624,12.889703955986377,85.2540597171294,2.261627906976744,2.1711324570273005,34.30232558139535,46.1577350859454
20204,Santiago de Huata,0.0,81.37977227059612,14.332706766917294,84.74018339995297,2.4371511498102256,2.0613976334003126,37.59767805313686,43.73744139316812
20205,Huatajata,0.0,85.9306496612196,21.04391052195526,84.38276719138359,2.4679155041849343,2.0063770426464727,41.052212036667996,52.69031486648067
20206,Chua Cocani,0.0,77.04294944887876,12.110453648915188,86.00157728706624,2.2797415431394907,2.6183960471303687,33.59939186621057,49.2208285822881
20301,Corocoro,16.342486651411136,73.43630816170862,10.1640656262505,81.69633926785357,2.0146834477498095,2.5217391304347827,26.23951182303585,43.34477498093059
20302,Caquiaviri,0.0,76.4379896808714,6.225059856344773,83.40315180530621,1.971144658895471,2.9501242117332316,24.479266195299065,47.35333460729983
20303,Calacoto,0.0,55.93187157400157,2.733020599632878,74.06199021207178,1.7296397807361001,2.385865309318716,17.364917776037586,30.24667188723571
20304,Comanche,0.0,80.88082901554404,6.613333333333333,86.34666666666666,2.1528497409326426,2.7067357512953367,30.0,50.20725388601036
20305,Charaña,0.0,43.85763490241102,5.548854041013269,77.92521109770809,1.9247990815154994,2.3668197474167623,23.880597014925375,40.70034443168771
20306,Waldo Ballivián,33.35611756664388,74.29938482570061,6.044776119402985,71.08792846497765,2.3362952836637048,4.150375939849624,38.82433356117566,37.04716336295284
20307,Nazacara de Pacajes,0.0,70.32151690024732,5.240174672489083,81.04803493449782,2.0354492992580377,3.3116240725474033,26.05111294311624,48.2275350370981
20308,Santiago de Callapa,0.0,59.036144578313255,2.051282051282051,78.18346409173205,1.6674138414121602,2.245166713365088,15.71868870832166,35.02381619501261
20401,Puerto Acosta,0.0,70.63900666262872,5.905388471177945,78.02662490211434,2.030436099333737,2.1150817686250756,25.21199273167777,36.644457904300424
20402,Mocomoco,0.0,70.48546112567078,4.606044608684176,78.09448403272631,2.169349806564333,2.2126544365406215,28.491201797079746,33.88244103332085
20403,Puerto Mayor de Carabuco,0.0,76.90021231422506,7.15547703180212,81.43130614048005,2.360084925690021,2.41104033970276,35.4140127388535,37.05590941259731
20404,Humanata,0.0,72.02216066481995,3.286004056795132,74.79707792207792,1.8428967154728928,2.2362485160269094,19.430154333201425,29.402453502176495
20405,Escoma,0.0,70.94266277939748,11.723270440251572,80.27672955974843,2.127551020408163,2.140913508260447,28.960155490767736,37.12342079689018
20501,Chuma,0.0,77.11333750782718,5.37953795379538,79.05940594059406,2.2412335629304945,2.784439574201628,30.416405760801503,34.07952410770194
20502,Ayata,0.0,79.33600457927876,5.38295908951092,74.11511234225915,2.1917572982255296,2.5787063537492845,29.593589009730966,24.32741843159702
20503,Aucapata,0.0,80.52,8.035338662179218,80.21885521885523,1.8696,2.5808,20.28,38.080000000000005
20601,Sorata,15.63836285888821,82.51156296360939,9.153255303584492,84.16529530078625,2.1005323326642813,2.6006632341391045,26.91334322366699,51.61008814032638
20602,Guanay,24.00701866326368,79.82134311692455,14.816047944065257,86.63226236057932,1.9124262242781942,2.5591003349816557,23.38490987398309,63.13606635827086
20603,Tacacoma,0.0,77.6252408477842,7.734806629834254,84.93975903614458,1.8805394990366089,2.2916666666666665,21.411368015414258,52.23988439306358
20604,Quiabaya,0.0,78.00143781452192,3.8607115821347464,77.36563209689629,1.8475916606757727,2.9741193386053197,18.763479511143064,35.37023723939612
20605,Combaya,0.0,77.26315789473684,5.7591623036649215,72.62528047868362,2.2673684210526317,2.4680701754385965,30.526315789473685,37.6140350877193
20606,Tipuani,27.536231884057973,92.3527597903176,18.599493029150825,90.49429657794677,1.7924761023743447,2.3348751156336727,19.858156028368793,72.43293246993524
20607,Mapiri,50.23195129022905,94.98405334879675,20.451446750492348,91.63889730384732,2.045085532038272,2.9137431139460714,28.2690634966657,71.60046390258046
20608,Teoponte,20.317253368100825,66.25380269448065,11.602708803611739,85.89164785553048,1.9111255975662755,2.813342025206432,22.968274663189916,58.691873098652756
20701,Apolo,29.769630110317976,76.71966255678132,11.682798437765324,82.36493374108053,1.9072031148604802,2.99675535366645,22.761194029850746,51.52498377676833
20702,Pelechuco,0.0,80.80182529335072,13.383665065202472,80.85106382978724,2.4566492829204694,2.766949152542373,38.26597131681878,44.6870925684485
20801,Viacha,78.56989580601321,88.65787654085501,29.658973475714777,92.11348704446468,2.4572852340192175,2.6465987935433106,41.02668033666341,69.36410672134666
20802,Puerto Mayor de Guaqui,0.0,83.81987577639751,13.7104506232023,85.0431447746884,2.5024844720496895,2.5341614906832297,41.64596273291925,48.850931677018636
20803,Tiahuanacu,0.0,78.65892972275951,12.8050145511529,82.49384374300425,2.4543305394369224,2.92735869331614,39.26499032882012,43.47732645604986
20804,Desaguadero,56.18691588785047,93.79439252336448,18.627072888546085,91.62808641975309,2.5966355140186916,2.9020560747663553,44.22429906542056,60.89719626168224
20805,La (Marka) San Andrés de Machaca,0.0,71.93320488118177,4.854368932038835,82.25644459323736,1.8940269749518304,2.5285806037251124,22.832369942196532,42.03596660244059
20806,Jesús de Machaka,0.0,73.34805503652115,9.008367455937334,80.11393982552964,2.290810259894683,2.8771870222524205,34.92440971632411,41.10752505520638
20807,Taraco,0.0,84.30913348946136,6.672091131000814,87.63222131814483,2.128415300546448,2.9078844652615143,31.069476971116316,44.02810304449648
20901,Luribay,0.0,81.82228236355435,8.395522388059701,82.74656096992305,2.372575552548489,2.4023455119530897,37.437979251240414,47.78980604420388
20902,Sapahaqui,0.0,78.60801446218741,6.964479602916085,86.31497284716835,2.184242241639048,2.4819222657426936,31.34980415787888,54.36878577884905
20903,Yaco,10.719459198454853,72.21149203283439,5.785548984314734,79.33693138010794,1.886286817962337,2.949782713664896,22.428778367938193,38.749396426846936
20904,Malla,0.0,65.67248171074846,5.985915492957746,82.74647887323944,1.6933033202025887,2.9454136184580753,15.588069780528981,40.12380416432189
20905,Cairoma,0.0,85.87489779231399,8.882277943051424,83.46791330216745,1.9055600981193785,2.7728945216680296,22.444807849550287,48.180703188879804
21001,Inquisivi,0.0,69.14893617021276,5.364712761292209,81.42356036246711,1.9034154535274357,2.6103023516237402,23.01231802911534,41.86730123180291
21002,Quime,36.310329273793414,82.97248534055029,12.708089097303635,85.6271981242673,1.877086152458277,2.28191249436175,22.147045557059087,57.4424898511502
21003,Cajuata,12.153554828714064,87.50215183336202,9.602169981916818,84.82820976491863,2.0566362540884833,2.6551902220692027,26.820451024272682,56.53296608710622
21004,Colquiri,28.23379923761118,83.39263024142312,14.194151422085726,87.070922933084,1.9951715374841168,2.9303684879288436,26.493011435832276,56.03557814485387
21005,Ichoca,13.892908827785817,62.2575976845152,4.717826216781129,77.89725209080048,1.7241678726483358,2.756584659913169,17.85817655571635,39.507959479015916
21006,Villa Libertad Licoma,43.452699091394976,85.94334580438269,8.806818181818182,80.09101251422071,2.152859433458044,4.187600213789417,32.121859967931584,51.042223409941215
21101,Chulumani,14.984751871361242,91.87690601607984,15.285714285714286,89.59851407343906,2.2392570002772385,2.5119212642084836,31.563626282229,60.45189908511228
21102,Irupana,14.506238105307675,84.53161344893212,9.609905763751918,87.03561643835616,1.8844364559103404,2.3314654260943115,21.939099175301333,56.63988158172975
21103,Yanacachi,0.0,89.95997331554369,15.323691460055096,92.1170395869191,1.9813208805870581,2.4723148765843894,25.450300200133423,68.71247498332221
21104,Palos Blancos,25.743766122098023,64.60017196904558,14.07624633431085,87.52888888888889,1.8631126397248494,2.3217540842648323,22.502149613069648,60.81685296646604
21105,La Asunta,7.056583242655059,75.4298150163221,9.632666816445743,85.08284189834316,1.9502176278563657,2.462568008705114,23.182807399347116,51.59412404787813
21201,Pucarani,34.23272286686239,74.89165385153083,11.963234936536498,84.9647459275468,2.13518803299315,2.312083508085186,29.801015890768443,49.74602730788946
21202,Laja,32.27796958789393,79.8868728421362,13.57638624056136,86.46834477498093,2.0879306545214136,2.8296481304635277,29.104532432233896,52.912657019025936
21203,Batallas,11.936963424673644,78.64283194166765,14.31550539744848,83.46215188320451,2.3975067623191815,2.4147947783135364,37.868987416206046,46.3718687522051
21204,Puerto Pérez,0.0,80.30112923462987,8.009228740936058,79.92087042532147,2.1565244667503136,2.453262233375157,30.238393977415306,35.006273525721454
21301,Sicasica,29.690346083788707,76.1384335154827,12.462412295355831,82.63848274709666,2.097014334362873,2.675536548665558,28.542013146432247,49.02193711887225
21302,Umala,0.0,76.63861259882682,6.360424028268551,82.71269366675727,1.9877582249426167,2.3147156337668964,25.988268298903343,46.926804386636064
21303,Ayo Ayo,0.0,67.16729244889446,7.212265169509825,80.22904062229905,2.0413016270337923,2.345014601585315,27.30496453900709,46.07843137254902
21304,Calamarca,0.0,80.88531187122736,8.868501529051988,84.82415902140673,2.227364185110664,2.7892811413938174,33.41869398207427,46.22279129321383
21305,Patacamaya,54.56296137798224,84.60468599550659,20.385766544728966,86.90977610285968,2.3956349630897615,2.617096394565101,37.92660746763667,57.57997218358831
21306,Colquencha,58.638392857142854,76.29464285714286,12.922002328288707,83.4729981378026,2.3325892857142856,2.7830357142857145,34.732142857142854,48.348214285714285
21307,Collana,60.73805202661827,85.2994555353902,8.765195137555983,82.6504481434059,2.1512401693889895,3.3315184513006653,29.764065335753177,54.567453115547494
21401,Coroico,10.514649190439476,79.38511950655358,14.629038691663343,89.11937768026328,1.8962991518889745,2.5641865844255975,22.176175790285274,62.268696993060914
21402,Coripata,13.272747671939863,93.58240771906205,12.678675188843696,87.43753631609529,2.27050375855492,2.571973521822058,32.87333108941995,56.70369123751823
21501,Ixiamas,40.62310949788264,68.45130066545674,11.87764399609502,77.51383013342011,2.090441621294616,3.427102238354507,28.160919540229884,44.37386569872958
21502,San Buenaventura,40.57564057564058,88.41698841698842,18.860294117647058,88.67647058823529,2.0793260793260795,3.3850473850473852,28.43102843102843,67.81326781326781
21601,Charazani,15.113500597371566,78.69374751095181,8.37160751565762,80.08766437069505,2.2335722819593786,3.116089207487057,29.908403026682596,35.603345280764636
21602,Curva,0.0,67.08937198067633,8.450704225352112,79.00128040973111,2.1370772946859904,3.9698067632850242,28.985507246376812,33.9975845410628
21701,Copacabana,36.70236174270207,80.03520610239109,14.87124790492153,87.06581352833638,2.6106791843919614,2.5253043860935898,42.716737567845094,53.571952471761776
21702,San Pedro de Tiquina,0.0,80.47369870559075,11.838360842344906,85.82408198121264,2.380611401817681,2.42550261635913,35.36215918479758,52.90553566510603
21703,Tito Yupanqui,31.953867028493896,69.74219810040705,6.3965884861407245,81.37882018479033,2.4118046132971505,4.970827679782904,35.95658073270013,40.70556309362279
21801,San Pedro de Curahuara,0.0,74.79908151549942,5.097680097680097,81.04395604395604,1.590987370838117,2.64150401836969,12.743972445464983,42.53731343283582
21802,Papel Pampa,0.0,70.15235457063712,7.450271247739602,84.29811866859623,1.540858725761773,2.2995152354570636,12.18836565096953,51.17728531855956
21803,Chacarilla,0.0,64.472190692395,4.895104895104895,84.73193473193473,1.5096481271282634,2.3246311010215663,11.464245175936435,48.35414301929625
21901,Santiago de Machaca,0.0,75.94722598105548,6.5240266573132235,83.76008418098913,1.7885656292286873,2.291610284167794,17.625169147496617,45.66982408660352
21902,Catacora,0.0,77.5811209439528,8.946078431372548,75.67401960784314,1.6200589970501476,3.1474926253687316,13.097345132743364,44.011799410029504
22001,Caranavi,37.009629524216116,83.11275556188036,17.366946778711483,88.63167207313477,1.9316920449694037,2.750581091978559,23.39073098999099,65.74640671694891
22002,Alto Beni,0.0,61.545312847918055,10.495229441163108,87.23017496023631,1.7076374972166555,2.32353596081051,17.88020485415275,61.43397906924961
