etapa,params,param_modelo__max_depth,param_modelo__min_samples_split,param_modelo__min_samples_leaf,mean_test_score,std_test_score,rank_test_score,mean_train_score,std_train_score,mean_fit_time,std_fit_time
1_profundidad,"{""modelo__max_depth"": 9, ""modelo__min_samples_leaf"": 1, ""modelo__min_samples_split"": 2}",9,2,1,0.864760355903001,0.0010754966536781355,1,0.8657298555380036,0.00026720945737682665,56.676994228363036,2.0399728603604075
1_profundidad,"{""modelo__max_depth"": 10, ""modelo__min_samples_leaf"": 1, ""modelo__min_samples_split"": 2}",10,2,1,0.8647376559664905,0.00104141338248215,2,0.8661216750209855,0.00028178003274958,58.02341637611389,3.179185597800519
1_profundidad,"{""modelo__max_depth"": 8, ""modelo__min_samples_leaf"": 1, ""modelo__min_samples_split"": 2}",8,2,1,0.8647045984198097,0.0010856040519895982,3,0.8652599790067026,0.0002718191445087309,52.648397397995,2.2691641361508275
1_profundidad,"{""modelo__max_depth"": 11, ""modelo__min_samples_leaf"": 1, ""modelo__min_samples_split"": 2}",11,2,1,0.8645732080681983,0.0010893245131370858,4,0.8664760574408111,0.0002676376413516958,59.39407415390015,1.2149805700835383
1_profundidad,"{""modelo__max_depth"": 12, ""modelo__min_samples_leaf"": 1, ""modelo__min_samples_split"": 2}",12,2,1,0.8644262135947299,0.001048882662940062,5,0.8667754104068182,0.0002477249332617555,65.24224104881287,2.186713482605681
1_profundidad,"{""modelo__max_depth"": 13, ""modelo__min_samples_leaf"": 1, ""modelo__min_samples_split"": 2}",13,2,1,0.8642168203837173,0.0010221945005795573,6,0.8670498035808316,0.00023328368346293358,64.83033947944641,5.527553383590814
1_profundidad,"{""modelo__max_depth"": 7, ""modelo__min_samples_leaf"": 1, ""modelo__min_samples_split"": 2}",7,2,1,0.8641369414402125,0.0009717898160769555,7,0.8644910597172105,0.00026551334236159924,48.56499071121216,1.748717075338856
1_profundidad,"{""modelo__max_depth"": 14, ""modelo__min_samples_leaf"": 1, ""modelo__min_samples_split"": 2}",14,2,1,0.8639968092942658,0.0010148305627157522,8,0.8672954686318495,0.00023372577743672166,67.96235394477844,5.300031035603224
1_profundidad,"{""modelo__max_depth"": 15, ""modelo__min_samples_leaf"": 1, ""modelo__min_samples_split"": 2}",15,2,1,0.8637639976337829,0.0009708632226630413,9,0.8674975810225902,0.00022559476067386179,57.8459557056427,9.357048335024194
1_profundidad,"{""modelo__max_depth"": 6, ""modelo__min_samples_leaf"": 1, ""modelo__min_samples_split"": 2}",6,2,1,0.8628512370216207,0.0010629340176113123,10,0.8630572139946109,0.00025251743318984875,46.64596095085144,0.7262192699721096
1_profundidad,"{""modelo__max_depth"": 5, ""modelo__min_samples_leaf"": 1, ""modelo__min_samples_split"": 2}",5,2,1,0.8614306485730566,0.0010039005723175857,11,0.8614901620678687,0.0002457596859060959,49.344648933410646,3.8169365383542377
1_profundidad,"{""modelo__max_depth"": 4, ""modelo__min_samples_leaf"": 1, ""modelo__min_samples_split"": 2}",4,2,1,0.8581922693530192,0.0009378952636925453,12,0.8582016396198107,0.00023288053290763597,53.2477605342865,4.1341386203391135
1_profundidad,"{""modelo__max_depth"": 3, ""modelo__min_samples_leaf"": 1, ""modelo__min_samples_split"": 2}",3,2,1,0.8463542009039257,0.0008123383377027417,13,0.8463543317904547,0.00020313344157758454,48.75127172470093,3.601831951204253
1_profundidad,"{""modelo__max_depth"": 2, ""modelo__min_samples_leaf"": 1, ""modelo__min_samples_split"": 2}",2,2,1,0.7996235219174085,0.00047483563890878954,14,0.7996232794360827,0.0001186601391961289,50.04787464141846,3.600374944649763
1_profundidad,"{""modelo__max_depth"": 1, ""modelo__min_samples_leaf"": 1, ""modelo__min_samples_split"": 2}",1,2,1,0.6462652352565199,0.000968650861277982,15,0.6462652420073767,0.00024216244128908018,50.016102123260495,4.955573984557794
2_regularizacion,"{""modelo__max_depth"": 9, ""modelo__min_samples_leaf"": 5, ""modelo__min_samples_split"": 9}",9,9,5,0.8648563634955971,0.0010168311488035703,1,0.8656908136055039,0.00026602804946198325,33.7393518447876,2.5205123427865703
2_regularizacion,"{""modelo__max_depth"": 9, ""modelo__min_samples_leaf"": 5, ""modelo__min_samples_split"": 8}",9,8,5,0.8648563634955971,0.0010168311488035703,1,0.8656908136055039,0.00026602804946198325,41.32613863945007,1.5798794399254938
2_regularizacion,"{""modelo__max_depth"": 9, ""modelo__min_samples_leaf"": 5, ""modelo__min_samples_split"": 5}",9,5,5,0.8648563634955971,0.0010168311488035703,1,0.8656908136055039,0.00026602804946198325,41.371556758880615,1.8121255370150253
2_regularizacion,"{""modelo__max_depth"": 9, ""modelo__min_samples_leaf"": 5, ""modelo__min_samples_split"": 4}",9,4,5,0.8648563634955971,0.0010168311488035703,1,0.8656908136055039,0.00026602804946198325,44.118686246871945,3.17213701424275
2_regularizacion,"{""modelo__max_depth"": 9, ""modelo__min_samples_leaf"": 5, ""modelo__min_samples_split"": 6}",9,6,5,0.8648563634955971,0.0010168311488035703,1,0.8656908136055039,0.00026602804946198325,44.597041034698485,3.2606505313086287
2_regularizacion,"{""modelo__max_depth"": 9, ""modelo__min_samples_leaf"": 5, ""modelo__min_samples_split"": 7}",9,7,5,0.8648563634955971,0.0010168311488035703,1,0.8656908136055039,0.00026602804946198325,45.07443113327027,4.31519112570575
2_regularizacion,"{""modelo__max_depth"": 9, ""modelo__min_samples_leaf"": 5, ""modelo__min_samples_split"": 3}",9,3,5,0.8648563634955971,0.0010168311488035703,1,0.8656908136055039,0.00026602804946198325,45.93783349990845,4.79005030256373
2_regularizacion,"{""modelo__max_depth"": 9, ""modelo__min_samples_leaf"": 5, ""modelo__min_samples_split"": 2}",9,2,5,0.8648563634955971,0.0010168311488035703,1,0.8656908136055039,0.00026602804946198325,47.65867252349854,5.713878889258167
2_regularizacion,"{""modelo__max_depth"": 9, ""modelo__min_samples_leaf"": 4, ""modelo__min_samples_split"": 9}",9,9,4,0.8648502360693076,0.0010082165513162103,9,0.8657026512886095,0.00026505654945723254,44.872954559326175,1.1517842234504776
2_regularizacion,"{""modelo__max_depth"": 9, ""modelo__min_samples_leaf"": 4, ""modelo__min_samples_split"": 7}",9,7,4,0.8648501327703185,0.001007760247588616,10,0.8657028414860204,0.0002648916976152229,37.054082584381106,2.245144303517845
2_regularizacion,"{""modelo__max_depth"": 9, ""modelo__min_samples_leaf"": 4, ""modelo__min_samples_split"": 6}",9,6,4,0.8648501327703185,0.001007760247588616,10,0.8657028414860204,0.0002648916976152229,41.23239307403564,5.739229335948368
2_regularizacion,"{""modelo__max_depth"": 9, ""modelo__min_samples_leaf"": 4, ""modelo__min_samples_split"": 5}",9,5,4,0.8648501327703185,0.001007760247588616,10,0.8657028414860204,0.0002648916976152229,42.136967706680295,2.198429465103632
2_regularizacion,"{""modelo__max_depth"": 9, ""modelo__min_samples_leaf"": 4, ""modelo__min_samples_split"": 8}",9,8,4,0.8648501327703185,0.001007760247588616,10,0.8657028414860204,0.0002648916976152229,44.42882308959961,2.9975567533672858
2_regularizacion,"{""modelo__max_depth"": 9, ""modelo__min_samples_leaf"": 4, ""modelo__min_samples_split"": 4}",9,4,4,0.8648501327703185,0.001007760247588616,10,0.8657028414860204,0.0002648916976152229,48.77866611480713,6.2351136402628065
2_regularizacion,"{""modelo__max_depth"": 9, ""modelo__min_samples_leaf"": 4, ""modelo__min_samples_split"": 3}",9,3,4,0.8648501327703185,0.001007760247588616,10,0.8657028414860204,0.0002648916976152229,53.98128552436829,1.7796255226526552
2_regularizacion,"{""modelo__max_depth"": 9, ""modelo__min_samples_leaf"": 4, ""modelo__min_samples_split"": 2}",9,2,4,0.8648501327703185,0.001007760247588616,10,0.8657028414860204,0.0002648916976152229,55.65316219329834,2.188065631818945
2_regularizacion,"{""modelo__max_depth"": 9, ""modelo__min_samples_leaf"": 3, ""modelo__min_samples_split"": 9}",9,9,3,0.8648324579355504,0.0010113264673446128,17,0.8657043721000962,0.0002634182357441321,51.75354609489441,1.9613552861210042
2_regularizacion,"{""modelo__max_depth"": 9, ""modelo__min_samples_leaf"": 2, ""modelo__min_samples_split"": 9}",9,9,2,0.8648315003349067,0.0010361506153318126,18,0.8657066441779204,0.00026415483238098104,38.67396402359009,2.3558052083588263
2_regularizacion,"{""modelo__max_depth"": 9, ""modelo__min_samples_leaf"": 2, ""modelo__min_samples_split"": 8}",9,8,2,0.8648294280721505,0.0010387082839625362,19,0.8657103348801943,0.0002621383193017521,35.73942470550537,1.6876844952002195
2_regularizacion,"{""modelo__max_depth"": 9, ""modelo__min_samples_leaf"": 3, ""modelo__min_samples_split"": 8}",9,8,3,0.8648277854993097,0.001012251250858904,20,0.8657063533413556,0.0002631989370892534,55.57291522026062,3.6175810966307154
2_regularizacion,"{""modelo__max_depth"": 9, ""modelo__min_samples_leaf"": 3, ""modelo__min_samples_split"": 7}",9,7,3,0.8648256092549211,0.0010163662326467492,21,0.8657072059448746,0.0002639049035749999,53.287813663482666,4.581273203095204
2_regularizacion,"{""modelo__max_depth"": 9, ""modelo__min_samples_leaf"": 3, ""modelo__min_samples_split"": 2}",9,2,3,0.8648150732691754,0.0010297945251648351,22,0.8657088040406465,0.00026478552890070873,41.85262398719787,1.6556541730075591
2_regularizacion,"{""modelo__max_depth"": 9, ""modelo__min_samples_leaf"": 3, ""modelo__min_samples_split"": 3}",9,3,3,0.8648150732691754,0.0010297945251648351,22,0.8657088040406465,0.00026478552890070873,45.21897006034851,1.6186801572460943
2_regularizacion,"{""modelo__max_depth"": 9, ""modelo__min_samples_leaf"": 3, ""modelo__min_samples_split"": 5}",9,5,3,0.8648150732691754,0.0010297945251648351,22,0.8657088040406465,0.00026478552890070873,45.47264475822449,2.746030612203664
2_regularizacion,"{""modelo__max_depth"": 9, ""modelo__min_samples_leaf"": 3, ""modelo__min_samples_split"": 6}",9,6,3,0.8648150732691754,0.0010297945251648351,22,0.8657088040406465,0.00026478552890070873,46.62594819068909,3.4688068092852724
2_regularizacion,"{""modelo__max_depth"": 9, ""modelo__min_samples_leaf"": 3, ""modelo__min_samples_split"": 4}",9,4,3,0.8648150732691754,0.0010297945251648351,22,0.8657088040406465,0.00026478552890070873,46.85004243850708,1.2098522009812913
2_regularizacion,"{""modelo__max_depth"": 9, ""modelo__min_samples_leaf"": 2, ""modelo__min_samples_split"": 7}",9,7,2,0.8648127738844339,0.001040991443215699,27,0.8657123509008994,0.00026445299864567834,38.46166725158692,1.127812384378774
2_regularizacion,"{""modelo__max_depth"": 9, ""modelo__min_samples_leaf"": 2, ""modelo__min_samples_split"": 6}",9,6,2,0.8648117912497003,0.0010497236992072678,28,0.8657149642757554,0.0002651319362731389,43.32472229003906,2.61644695961557
2_regularizacion,"{""modelo__max_depth"": 9, ""modelo__min_samples_leaf"": 1, ""modelo__min_samples_split"": 9}",9,9,1,0.864804522921165,0.0010593124931031928,29,0.8657079817864878,0.0002653504578142122,43.46472215652466,2.378616222291451
2_regularizacion,"{""modelo__max_depth"": 9, ""modelo__min_samples_leaf"": 2, ""modelo__min_samples_split"": 5}",9,5,2,0.8647976100305789,0.00104986444529273,30,0.8657183427572246,0.000264903845273956,40.293602514266965,0.8108780101478574
2_regularizacion,"{""modelo__max_depth"": 9, ""modelo__min_samples_leaf"": 2, ""modelo__min_samples_split"": 2}",9,2,2,0.8647967850367863,0.0010509078058269854,31,0.8657185575783641,0.00026529911129797397,42.26901679039001,2.0862996828744
2_regularizacion,"{""modelo__max_depth"": 9, ""modelo__min_samples_leaf"": 2, ""modelo__min_samples_split"": 3}",9,3,2,0.8647967850367863,0.0010509078058269854,31,0.8657185575783641,0.00026529911129797397,43.19211611747742,2.14893622732645
2_regularizacion,"{""modelo__max_depth"": 9, ""modelo__min_samples_leaf"": 2, ""modelo__min_samples_split"": 4}",9,4,2,0.8647967850367863,0.0010509078058269854,31,0.8657185575783641,0.00026529911129797397,43.25972943305969,1.7934926903155246
2_regularizacion,"{""modelo__max_depth"": 9, ""modelo__min_samples_leaf"": 1, ""modelo__min_samples_split"": 8}",9,8,1,0.8647872243362558,0.0010601246925233646,34,0.8657122394246862,0.000264675322812226,44.2831946849823,0.8898599291712725
2_regularizacion,"{""modelo__max_depth"": 9, ""modelo__min_samples_leaf"": 1, ""modelo__min_samples_split"": 7}",9,7,1,0.8647760842958258,0.0010702355875939057,35,0.8657163123939269,0.000266148054928288,46.152552890777585,1.8841015421854848
2_regularizacion,"{""modelo__max_depth"": 9, ""modelo__min_samples_leaf"": 1, ""modelo__min_samples_split"": 6}",9,6,1,0.8647697415703025,0.0010793933916058444,36,0.8657203774116441,0.0002669603416472793,47.057088947296144,2.2380433220525524
2_regularizacion,"{""modelo__max_depth"": 9, ""modelo__min_samples_leaf"": 1, ""modelo__min_samples_split"": 2}",9,2,1,0.864760355903001,0.0010754966536781355,37,0.8657298555380036,0.00026720945737682665,48.150798320770264,2.5394176797734236
2_regularizacion,"{""modelo__max_depth"": 9, ""modelo__min_samples_leaf"": 1, ""modelo__min_samples_split"": 5}",9,5,1,0.8647593152596139,0.0010843552919422164,38,0.8657238362003088,0.00026755692425650413,48.50789108276367,1.3436743891934133
2_regularizacion,"{""modelo__max_depth"": 9, ""modelo__min_samples_leaf"": 1, ""modelo__min_samples_split"": 4}",9,4,1,0.8647559750007066,0.0010796957795666644,39,0.8657253874299139,0.0002675946563377023,50.52287273406982,1.0011056679950157
2_regularizacion,"{""modelo__max_depth"": 9, ""modelo__min_samples_leaf"": 1, ""modelo__min_samples_split"": 3}",9,3,1,0.8647554435567459,0.0010832570091336446,40,0.8657275297417302,0.00026833332564283875,50.16620230674744,1.2649253418198116
