provincia_codigo,municipio_codigo,provincia,municipio
201,20101,Murillo,Nuestra Señora de La Paz
201,20102,Murillo,Palca
201,20103,Murillo,Mecapaca
201,20104,Murillo,Achocalla
201,20105,Murillo,El Alto
202,20201,Omasuyos,Achacachi
202,20202,Omasuyos,Villa Ancoraimes
202,20203,Omasuyos,Huarina
202,20204,Omasuyos,Santiago de Huata
202,20205,Omasuyos,Huatajata
202,20206,Omasuyos,Chua Cocani
203,20301,Pacajes,Corocoro
203,20302,Pacajes,Caquiaviri
203,20303,Pacajes,Calacoto
203,20304,Pacajes,Comanche
203,20305,Pacajes,Charaña
203,20306,Pacajes,Waldo Ballivián
203,20307,Pacajes,Nazacara de Pacajes
203,20308,Pacajes,Santiago de Callapa
204,20401,Camacho,Puerto Acosta
204,20402,Camacho,Mocomoco
204,20403,Camacho,Puerto Mayor de Carabuco
204,20404,Camacho,Humanata
204,20405,Camacho,Escoma
205,20501,Muñecas,Chuma
205,20502,Muñecas,Ayata
205,20503,Muñecas,Aucapata
206,20601,Larecaja,Sorata
206,20602,Larecaja,Guanay
206,20603,Larecaja,Tacacoma
206,20604,Larecaja,Quiabaya
206,20605,Larecaja,Combaya
206,20606,Larecaja,Tipuani
206,20607,Larecaja,Mapiri
206,20608,Larecaja,Teoponte
207,20701,Franz Tamayo,Apolo
207,20702,Franz Tamayo,Pelechuco
208,20801,Ingavi,Viacha
208,20802,Ingavi,Puerto Mayor de Guaqui
208,20803,Ingavi,Tiahuanacu
208,20804,Ingavi,Desaguadero
208,20805,Ingavi,La (Marka) San Andrés de Machaca
208,20806,Ingavi,Jesús de Machaka
208,20807,Ingavi,Taraco
209,20901,Loayza,Luribay
209,20902,Loayza,Sapahaqui
209,20903,Loayza,Yaco
209,20904,Loayza,Malla
209,20905,Loayza,Cairoma
210,21001,Inquisivi,Inquisivi
210,21002,Inquisivi,Quime
210,21003,Inquisivi,Cajuata
210,21004,Inquisivi,Colquiri
210,21005,Inquisivi,Ichoca
210,21006,Inquisivi,Villa Libertad Licoma
211,21101,Sur Yungas,Chulumani
211,21102,Sur Yungas,Irupana
211,21103,Sur Yungas,Yanacachi
211,21104,Sur Yungas,Palos Blancos
211,21105,Sur Yungas,La Asunta
212,21201,Los Andes,Pucarani
212,21202,Los Andes,Laja
212,21203,Los Andes,Batallas
212,21204,Los Andes,Puerto Pérez
213,21301,Aroma,Sicasica
213,21302,Aroma,Umala
213,21303,Aroma,Ayo Ayo
213,21304,Aroma,Calamarca
213,21305,Aroma,Patacamaya
213,21306,Aroma,Colquencha
213,21307,Aroma,Collana
214,21401,Nor Yungas,Coroico
214,21402,Nor Yungas,Coripata
215,21501,Abel Iturralde,Ixiamas
215,21502,Abel Iturralde,San Buenaventura
216,21601,Bautista Saavedra,Charazani
216,21602,Bautista Saavedra,Curva
217,21701,Manco Kapac,Copacabana
217,21702,Manco Kapac,San Pedro de Tiquina
217,21703,Manco Kapac,Tito Yupanqui
218,21801,Gualberto Villarroel,San Pedro de Curahuara
218,21802,Gualberto Villarroel,Papel Pampa
218,21803,Gualberto Villarroel,Chacarilla
219,21901,General José Manuel Pando,Santiago de Machaca
219,21902,General José Manuel Pando,Catacora
220,22001,Caranavi,Caranavi
220,22002,Caranavi,Alto Beni
