variable,nulos_pandas,vacios_csv,solo_espacios,marcadores_NaN_NULL_NA,sin_especificar,no_aplica_codificado,nulos_pandas_pct,vacios_csv_pct,solo_espacios_pct,marcadores_NaN_NULL_NA_pct,sin_especificar_pct,no_aplica_codificado_pct
idep,0,0,0,0,0,0,0.0,0.0,0.0,0.0,0.0,0.0
iprov,0,0,0,0,0,0,0.0,0.0,0.0,0.0,0.0,0.0
imun,0,0,0,0,0,0,0.0,0.0,0.0,0.0,0.0,0.0
i00,0,0,0,0,0,0,0.0,0.0,0.0,0.0,0.0,0.0
urbrur,0,0,0,0,0,0,0.0,0.0,0.0,0.0,0.0,0.0
v01_tipoviv,0,0,0,0,0,0,0.0,0.0,0.0,0.0,0.0,0.0
v02_condocup,0,6737,0,0,0,0,0.0,0.5048347840682924,0.0,0.0,0.0,0.0
v09_energia,0,264658,0,0,0,0,0.0,19.83205644677841,0.0,0.0,0.0,0.0
v13_habitac,0,264658,0,0,0,0,0.0,19.83205644677841,0.0,0.0,0.0,0.0
v14_dormit,0,264658,0,0,0,0,0.0,19.83205644677841,0.0,0.0,0.0,0.0
v19c_compu,0,264658,0,0,30508,0,0.0,19.83205644677841,0.0,0.0,2.2861065151188162,0.0
v19d_celular,0,264658,0,0,30525,0,0.0,19.83205644677841,0.0,0.0,2.2873804042874615,0.0
v19e_inetfijo,0,264658,0,0,30542,0,0.0,19.83205644677841,0.0,0.0,2.2886542934561063,0.0
v19f_inetmovil,0,264658,0,0,30577,0,0.0,19.83205644677841,0.0,0.0,2.2912770064503754,0.0
v19e_f,0,264658,0,0,30497,0,0.0,19.83205644677841,0.0,0.0,2.285282233892046,0.0
tot_pers,0,0,0,0,0,0,0.0,0.0,0.0,0.0,0.0,0.0
