,variable,fuera_catalogo,valores
0,urbrur,0,"{'1': 0, '2': 0}"
1,v01_tipoviv,0,"{'1': 0, '10': 0, '11': 0, '12': 0, '13': 0, '14': 0, '15': 0, '16': 0, '2': 0, '3': 0, '4': 0, '5': 0, '6': 0, '7': 0, '8': 0, '9': 0}"
2,v02_condocup,0,"{'': 0, '0': 0, '1': 0, '2': 0, '3': 0, '4': 0, '5': 0}"
3,v09_energia,0,"{'': 0, '1': 0, '2': 0, '3': 0, '4': 0, '5': 0}"
4,v13_habitac,0,"{'': 0, '1': 0, '2': 0, '3': 0, '4': 0, '5': 0, '6': 0, '7': 0, '8': 0}"
5,v14_dormit,0,"{'': 0, '0': 0, '1': 0, '2': 0, '3': 0, '4': 0, '5': 0, '6': 0, '7': 0, '8': 0}"
6,v19c_compu,0,"{'': 0, '1': 0, '2': 0, '9': 0}"
7,v19d_celular,0,"{'': 0, '1': 0, '2': 0, '9': 0}"
8,v19e_inetfijo,0,"{'': 0, '1': 0, '2': 0, '9': 0}"
9,v19f_inetmovil,0,"{'': 0, '1': 0, '2': 0, '9': 0}"
10,v19e_f,0,"{'': 0, '1': 0, '2': 0, '9': 0}"
11,tot_pers,0,"{'0': 0, '1': 0, '10': 0, '103': 0, '106': 0, '1068': 0, '11': 0, '112': 0, '113': 0, '114': 0, '116': 0, '117': 0, '1172': 0, '12': 0, '120': 0, '122': 0, '123': 0, '1254': 0, '13': 0, '130': 0, '134': 0, '135': 0, '14': 0, '141': 0, '145': 0, '15': 0, '1506': 0, '151': 0, '152': 0, '16': 0, '164': 0, '167': 0, '168': 0, '17': 0, '172': 0, '173': 0, '177': 0, '18': 0, '181': 0, '183': 0, '19': 0, '194': 0, '199': 0, '2': 0, '20': 0, '203': 0, '206': 0, '207': 0, '209': 0, '21': 0, '213': 0, '214': 0, '217': 0, '219': 0, '22': 0, '221': 0, '229': 0, '23': 0, '230': 0, '235': 0, '24': 0, '25': 0, '259': 0, '26': 0, '27': 0, '28': 0, '281': 0, '29': 0, '3': 0, '30': 0, '304': 0, '31': 0, '318': 0, '319': 0, '32': 0, '33': 0, '34': 0, '340': 0, '341': 0, '35': 0, '358': 0, '36': 0, '37': 0, '38': 0, '383': 0, '389': 0, '3899': 0, '39': 0, '391': 0, '4': 0, '40': 0, '401': 0, '405': 0, '41': 0, '42': 0, '43': 0, '4386': 0, '44': 0, '446': 0, '457': 0, '46': 0, '47': 0, '475': 0, '477': 0, '478': 0, '48': 0, '482': 0, '49': 0, '5': 0, '50': 0, '51': 0, '519': 0, '53': 0, '54': 0, '55': 0, '56': 0, '57': 0, '584': 0, '59': 0, '597': 0, '6': 0, '60': 0, '61': 0, '610': 0, '63': 0, '66': 0, '69': 0, '7': 0, '70': 0, '72': 0, '726': 0, '73': 0, '74': 0, '759': 0, '76': 0, '78': 0, '79': 0, '8': 0, '80': 0, '807': 0, '81': 0, '83': 0, '84': 0, '87': 0, '89': 0, '9': 0, '93': 0, '95': 0, '981': 0}"
