,archivo,bytes,clase
0,Base de datos CSV/Cuestionario censal 2024.pdf,21074992,Cuestionario
1,Base de datos CSV/Cuestionario censal 2024.pdf:Zone.Identifier,124,Metadato de descarga
2,Base de datos CSV/Diccionario de variables CPV 2024.xlsx,204479,Diccionario
3,Base de datos CSV/Diccionario de variables CPV 2024.xlsx:Zone.Identifier,124,Metadato de descarga
4,Base de datos CSV/Emigracion_CPV-2024.csv,23806805,Microdatos CSV
5,Base de datos CSV/Emigracion_CPV-2024.csv:Zone.Identifier,124,Metadato de descarga
6,Base de datos CSV/Mortalidad_CPV-2024.csv,19297562,Microdatos CSV
7,Base de datos CSV/Mortalidad_CPV-2024.csv:Zone.Identifier,124,Metadato de descarga
8,Base de datos CSV/Persona_CPV-2024.csv,3087564948,Microdatos CSV
9,Base de datos CSV/Persona_CPV-2024.csv:Zone.Identifier,124,Metadato de descarga
10,Base de datos CSV/Vivienda_CPV-2024.csv,490862565,Microdatos CSV
11,Base de datos CSV/Vivienda_CPV-2024.csv:Zone.Identifier,124,Metadato de descarga
