area_label,municipio_codigo,municipio,universo,fijo_si,fijo_no,fijo_sin_especificar,validos_fijo,pct_fijo,pct_fijo_determinados,movil_si,movil_no,movil_sin_especificar,validos_movil,pct_movil,pct_movil_determinados,algun_si,algun_no,algun_sin_especificar,validos_algun,pct_algun,pct_algun_determinados,pct_sin_internet,pct_sin_especificar,brecha_movil_fijo_pp
Rural,20606,Tipuani,2350,75,2219,56,2294,3.1914893617021276,3.2693984306887534,1684,610,56,2294,71.65957446808511,73.40889276373147,1701,593,56,2294,72.38297872340425,74.14995640802093,25.23404255319149,2.382978723404255,68.46808510638299
Rural,21103,Yanacachi,2998,114,2789,95,2903,3.802535023348899,3.926972097829831,2035,870,93,2905,67.87858572381587,70.05163511187608,2060,845,93,2905,68.71247498332221,70.91222030981066,28.18545697131421,3.1020680453635756,64.07605070046698
Rural,20607,Mapiri,3433,83,3204,146,3287,2.417710457325954,2.525098874353514,2333,953,147,3286,67.95805418001748,70.99817407181985,2355,932,146,3287,68.59889309641713,71.64587770003043,27.148266822021554,4.252840081561317,65.54034372269153
Rural,20103,Mecapaca,6849,1775,4908,166,6683,25.91619214483866,26.559928175968878,4215,2468,166,6683,61.541830924222516,63.07047733054018,4600,2083,166,6683,67.1630895021171,68.83136316025737,30.41319900715433,2.4237114907285737,35.625638779383856
Rural,22002,Alto Beni,4491,46,4356,89,4402,1.0242707637497217,1.0449795547478418,2746,1654,91,4400,61.144511244711644,62.409090909090914,2759,1643,89,4402,61.43397906924961,62.676056338028175,36.58427967045201,1.9817412602983746,60.120240480961925
Rural,21502,San Buenaventura,1693,87,1534,72,1621,5.138806851742469,5.367057371992598,1011,610,72,1621,59.71647962197283,62.368908081431215,1035,586,72,1621,61.134081512108686,63.84947563232573,34.61311281748375,4.25280567040756,54.577672770230365
Rural,21401,Coroico,9285,169,8797,319,8966,1.8201400107700592,1.8848985054650904,5590,3376,319,8966,60.20463112547119,62.346642873076064,5632,3334,319,8966,60.65697361335487,62.81507918804372,35.907377490576195,3.4356488960689284,58.38449111470113
Rural,22001,Caranavi,13279,269,12599,411,12868,2.025754951427065,2.090456947466584,7905,4962,412,12867,59.530085096769334,61.43623222196316,7966,4902,411,12868,59.98945703742752,61.90550202051601,36.91543037879359,3.095112583778899,57.504330145342266
Rural,21101,Chulumani,6133,168,5801,164,5969,2.7392793086580793,2.8145417992963644,3549,2420,164,5969,57.86727539540193,59.4571955101357,3588,2381,164,5969,58.50317952062613,60.11057128497236,38.82276210663623,2.674058372737649,55.127996086743856
Rural,20602,Guanay,4764,214,4357,193,4571,4.492023509655752,4.681688908335156,2709,1865,190,4574,56.8639798488665,59.22606034105815,2754,1820,190,4574,57.80856423173803,60.209881941407964,38.203190596137695,3.9882451721242655,52.37195633921075
Rural,20608,Teoponte,3667,103,3437,127,3540,2.8088355604035997,2.9096045197740112,2064,1475,128,3539,56.285792200709025,58.32155976264482,2098,1442,127,3540,57.21298063812381,59.265536723163834,39.32369784565039,3.4633215162257978,53.476956640305424
Rural,21003,Cajuata,5103,204,4659,240,4863,3.9976484420928866,4.194941394201111,2852,2011,240,4863,55.88869292572996,58.64692576598808,2912,1951,240,4863,57.06447187928669,59.88073205840016,38.23241230648638,4.703115814226925,51.891044483637074
Rural,21402,Coripata,7730,216,7242,272,7458,2.794307891332471,2.8962188254223653,4277,3182,271,7459,55.32988357050452,57.34012602225499,4341,3118,271,7459,56.15782664941785,58.1981498860437,40.33635187580854,3.5058214747736094,52.53557567917205
Rural,21104,Palos Blancos,8636,154,8182,300,8336,1.7832329782306624,1.847408829174664,4817,3520,299,8337,55.77813802686429,57.77857742593259,4836,3501,299,8337,55.99814729041223,58.00647715005398,40.53960166743863,3.4622510421491435,53.994905048633626
Rural,21102,Irupana,8086,109,7717,260,7826,1.3480089042790007,1.3927932532583696,4438,3388,260,7826,54.88498639624042,56.708407871198574,4488,3339,259,7827,55.50333910462528,57.33997700268302,41.29359386594113,3.203067029433589,53.53697749196142
Rural,20902,Sapahaqui,6638,58,6386,194,6444,0.8737571557698103,0.9000620732464307,3580,2864,194,6444,53.93190720096415,55.55555555555556,3609,2836,193,6445,54.36878577884905,55.996896819239716,42.72371196143417,2.9075022597167823,53.05815004519434
Rural,21002,Quime,2824,66,2659,99,2725,2.3371104815864023,2.4220183486238533,1511,1214,99,2725,53.505665722379604,55.44954128440367,1533,1192,99,2725,54.28470254957507,56.25688073394496,42.20963172804532,3.5056657223796037,51.168555240793204
Rural,20105,El Alto,183,1,182,0,183,0.546448087431694,0.546448087431694,97,86,0,183,53.00546448087432,53.00546448087432,97,86,0,183,53.00546448087432,53.00546448087432,46.994535519125684,0.0,52.45901639344263
Rural,21702,San Pedro de Tiquina,3631,189,3324,118,3513,5.205177637014597,5.3800170794193,1884,1630,117,3514,51.886532635637565,53.61411496869665,1921,1593,117,3514,52.90553566510603,54.66704610130905,43.87221151198017,3.222252822913798,46.681354998622965
Rural,20205,Huatajata,2509,129,2285,95,2414,5.141490633718613,5.343827671913836,1291,1122,96,2413,51.454762853726585,53.50186489846664,1322,1092,95,2414,52.69031486648067,54.763877381938684,43.523316062176164,3.7863690713431644,46.313272220007974
Rural,20603,Tacacoma,4152,36,3946,170,3982,0.8670520231213872,0.9040683073832245,2157,1826,169,3983,51.95086705202312,54.155159427567156,2169,1815,168,3984,52.23988439306358,54.44277108433735,43.713872832369944,4.046242774566474,51.08381502890173
Rural,20102,Palca,7585,227,7054,304,7281,2.992748846407383,3.1177036121411894,3880,3400,305,7280,51.15359261700725,53.2967032967033,3956,3325,304,7281,52.15557020435069,54.33319598956188,43.836519446275545,4.007910349373764,48.16084377059987
Rural,21802,Papel Pampa,2888,33,2732,123,2765,1.1426592797783934,1.193490054249548,1463,1302,123,2765,50.6578947368421,52.911392405063296,1478,1287,123,2765,51.17728531855956,53.45388788426762,44.56371191135734,4.259002770083103,49.51523545706371
Rural,20304,Comanche,1930,10,1865,55,1875,0.5181347150259068,0.5333333333333333,964,911,55,1875,49.94818652849741,51.413333333333334,969,906,55,1875,50.20725388601036,51.68000000000001,46.943005181347154,2.849740932642487,49.4300518134715
Rural,20104,Achocalla,1823,56,1704,63,1760,3.071859572133845,3.1818181818181817,895,865,63,1760,49.09489851892485,50.85227272727273,915,845,63,1760,50.19199122325837,51.98863636363637,46.35216675809106,3.4558420186505763,46.023038946791004
Rural,21105,La Asunta,17083,476,16082,525,16558,2.7863958321137976,2.8747433264887063,8353,8206,524,16559,48.89656383539191,50.443867383296094,8500,8060,523,16560,49.757068430603525,51.328502415458935,47.18140841772522,3.0615231516712518,46.11016800327811
Rural,20206,Chua Cocani,2631,95,2441,95,2536,3.610794374762448,3.746056782334385,1267,1269,95,2536,48.156594450779174,49.96056782334385,1295,1241,95,2536,49.2208285822881,51.06466876971609,47.16837704294945,3.610794374762448,44.545800076016725
Rural,20802,Puerto Mayor de Guaqui,3220,178,2952,90,3130,5.527950310559007,5.686900958466453,1535,1595,90,3130,47.670807453416145,49.04153354632588,1573,1557,90,3130,48.850931677018636,50.2555910543131,48.35403726708075,2.7950310559006213,42.14285714285714
Rural,21803,Chacarilla,881,8,850,23,858,0.9080590238365494,0.9324009324009324,423,435,23,858,48.01362088535755,49.3006993006993,426,432,23,858,48.35414301929625,49.65034965034965,49.03518728717366,2.6106696935300793,47.105561861521
Rural,20101,Nuestra Señora de La Paz,3014,57,2847,110,2904,1.891174518911745,1.962809917355372,1446,1458,110,2904,47.976111479761116,49.79338842975206,1457,1447,110,2904,48.34107498341075,50.17217630853994,48.0092899800929,3.64963503649635,46.08493696084937
Rural,20307,Nazacara de Pacajes,1213,8,1137,68,1145,0.6595218466611706,0.6986899563318777,583,562,68,1145,48.06265457543281,50.91703056768559,585,560,68,1145,48.2275350370981,51.09170305676856,46.16652926628195,5.605935696619951,47.40313272877164
Rural,20905,Cairoma,4892,72,4635,185,4707,1.4717906786590351,1.5296367112810707,2332,2374,186,4706,47.66966475878986,49.5537611559711,2357,2350,185,4707,48.180703188879804,50.07435734013171,48.037612428454615,3.781684382665577,46.19787408013082
Rural,20601,Sorata,9667,160,9054,453,9214,1.6551153408503154,1.7364879531148254,4565,4648,454,9213,47.22250956863556,49.549549549549546,4631,4583,453,9214,47.905244646736314,50.260473192967225,47.408710044481225,4.686045308782456,45.56739422778524
Rural,20901,Luribay,4434,46,4242,146,4288,1.0374379792512405,1.0727611940298507,2103,2186,145,4289,47.428958051420835,49.03240848682677,2119,2170,145,4289,47.78980604420388,49.40545581720681,48.94000902119982,3.270184934596301,46.3915200721696
Rural,20302,Caquiaviri,5233,40,4973,220,5013,0.764379896808714,0.7979253939756632,2463,2549,221,5012,47.066692145996555,49.14205905826017,2478,2535,220,5013,47.35333460729983,49.43147815679234,48.44257596025224,4.204089432447926,46.30231224918784
Rural,21307,Collana,649,10,606,33,616,1.5408320493066257,1.6233766233766231,305,311,33,616,46.99537750385208,49.51298701298701,307,309,33,616,47.303543913713405,49.83766233766234,47.61171032357473,5.084745762711865,45.45454545454546
Rural,21302,Umala,3921,73,3606,242,3679,1.8617699566437134,1.9842348464256592,1816,1862,243,3678,46.314715633766895,49.374660141381185,1840,1839,242,3679,46.926804386636064,50.01359064963305,46.90130068859985,6.171894924764091,44.45294567712318
Rural,21304,Calamarca,5467,195,5037,235,5232,3.5668556795317357,3.727064220183486,2468,2763,236,5231,45.14358880556063,47.180271458612125,2527,2705,235,5232,46.22279129321383,48.29892966360856,49.47869032376075,4.298518383025425,41.5767331260289
Rural,21701,Copacabana,4315,162,4007,146,4169,3.7543453070683666,3.885823938594387,1953,2216,146,4169,45.26071842410197,46.84576637083233,1994,2175,146,4169,46.2108922363847,47.82921563924202,50.40556199304751,3.383545770567787,41.5063731170336
Rural,20203,Huarina,3956,179,3637,140,3816,4.524772497472194,4.690775681341719,1791,2025,140,3816,45.27300303336704,46.93396226415094,1826,1991,139,3817,46.1577350859454,47.83861671469741,50.328614762386245,3.513650151668352,40.74823053589485
Rural,21303,Ayo Ayo,4794,91,4538,165,4629,1.898206090947017,1.9658673579606827,2178,2453,163,4631,45.431789737171464,47.03087885985748,2209,2422,163,4631,46.07843137254902,47.7002807169078,50.521485189820616,3.400083437630371,43.53358364622444
Rural,21006,Villa Libertad Licoma,1058,12,978,68,990,1.1342155009451798,1.2121212121212122,476,513,69,989,44.99054820415879,48.129423660262894,485,505,68,990,45.84120982986767,48.98989898989899,47.731568998109644,6.427221172022684,43.85633270321361
Rural,21004,Colquiri,5648,48,5285,315,5333,0.84985835694051,0.9000562535158447,2571,2760,317,5331,45.52053824362606,48.22734946539111,2589,2745,314,5334,45.83923512747876,48.53768278965129,48.60127478753541,5.559490084985836,44.670679886685555
Rural,21901,Santiago de Machaca,2956,18,2833,105,2851,0.6089309878213802,0.6313574184496668,1339,1512,105,2851,45.29769959404601,46.96597685022799,1350,1501,105,2851,45.66982408660352,47.35180638372501,50.778078484438424,3.5520974289580516,44.68876860622463
Rural,21305,Patacamaya,4247,130,3960,157,4090,3.0609842241582292,3.1784841075794623,1858,2230,159,4088,43.748528372969155,45.45009784735812,1900,2190,157,4090,44.737461737697195,46.454767726161364,51.56581116081939,3.6967271014834,40.68754414881093
Rural,20702,Pelechuco,3068,149,2765,154,2914,4.856584093872229,5.113246396705559,1311,1603,154,2914,42.73142112125163,44.98970487302677,1371,1543,154,2914,44.6870925684485,47.0487302676733,50.293350717079534,5.019556714471968,37.8748370273794
Rural,21201,Pucarani,14113,532,13037,544,13569,3.769574151491532,3.920701599233547,6121,7447,545,13568,43.3713597392475,45.113502358490564,6300,7270,543,13570,44.639693899241834,46.425939572586586,51.51278962658542,3.8475164741727483,39.60178558775597
Rural,20701,Apolo,4329,54,4075,200,4129,1.2474012474012475,1.3078227173649795,1901,2228,200,4129,43.91314391314391,46.04020343908937,1917,2213,199,4130,44.28274428274428,46.416464891041166,51.12035112035112,4.596904596904597,42.66574266574266
Rural,20807,Taraco,2562,27,2431,104,2458,1.053864168618267,1.098454027664768,1111,1347,104,2458,43.36455893832943,45.1993490642799,1128,1330,104,2458,44.02810304449648,45.89096826688365,51.91256830601093,4.059328649492584,42.31069476971116
Rural,21902,Catacora,1695,23,1609,63,1632,1.3569321533923304,1.4093137254901962,733,899,63,1632,43.24483775811209,44.91421568627451,746,886,63,1632,44.011799410029504,45.71078431372549,52.27138643067847,3.7168141592920354,41.88790560471976
Rural,20201,Achacachi,14762,370,13733,659,14103,2.506435442351985,2.6235552719279585,6357,7743,662,14100,43.063270559544776,45.08510638297872,6476,7627,659,14103,43.86939439100393,45.91930794866341,51.66644086167186,4.464164747324211,40.55683511719279
Rural,21203,Batallas,7488,172,6989,327,7161,2.2970085470085473,2.4018991760927246,3235,3925,328,7160,43.20245726495727,45.18156424581006,3284,3878,326,7162,43.85683760683761,45.85311365540352,51.78952991452992,4.353632478632479,40.90544871794872
Rural,20204,Santiago de Huata,4479,102,4152,225,4254,2.277294038847957,2.3977433004231314,1922,2333,224,4255,42.911364143782095,45.170387779083434,1959,2296,224,4255,43.73744139316812,46.03995299647474,51.2614422862246,5.001116320607278,40.63407010493414
Rural,20803,Tiahuanacu,4653,126,4341,186,4467,2.7079303675048356,2.8206850235057086,1987,2479,187,4466,42.70363206533419,44.49171518137035,2023,2444,186,4467,43.47732645604986,45.28766509961943,52.52525252525253,3.9974210186976147,39.995701697829354
Rural,21301,Sicasica,8878,127,8300,451,8427,1.430502365397612,1.507060638424113,3785,4641,452,8426,42.63347600810993,44.92048421552338,3828,4600,450,8428,43.11781932867763,45.42002847650688,51.813471502590666,5.068709168731696,41.202973642712315
Rural,20804,Desaguadero,1172,10,1122,40,1132,0.8532423208191127,0.88339222614841,502,630,40,1132,42.83276450511945,44.34628975265017,503,629,40,1132,42.918088737201366,44.434628975265014,53.66894197952219,3.4129692832764507,41.979522184300336
Rural,21801,San Pedro de Curahuara,3484,27,3249,208,3276,0.7749712973593571,0.8241758241758242,1470,1806,208,3276,42.19288174512055,44.871794871794876,1482,1794,208,3276,42.53731343283582,45.23809523809524,51.49253731343284,5.970149253731343,41.417910447761194
Rural,20805,La (Marka) San Andrés de Machaca,3114,14,2973,127,2987,0.44958253050738595,0.4686976899899564,1302,1685,127,2987,41.811175337186896,43.588885169065954,1309,1678,127,2987,42.03596660244059,43.82323401406093,53.88567758509954,4.078355812459859,41.36159280667951
Rural,21202,Laja,9219,260,8578,381,8838,2.8202625013558955,2.9418420457116996,3777,5060,382,8837,40.96973641392776,42.74074912300554,3871,4967,381,8838,41.98936977980258,43.79950214980765,53.87786093936435,4.132769280833062,38.149473912571864
Rural,21001,Inquisivi,7144,79,6762,303,6841,1.1058230683090706,1.1548019295424645,2955,3883,306,6838,41.36338185890258,43.214390172565075,2991,3850,303,6841,41.86730123180291,43.721678117234326,53.891377379619264,4.241321388577828,40.25755879059351
Rural,20801,Viacha,8988,424,8151,413,8575,4.717400979083222,4.944606413994169,3612,4964,412,8576,40.18691588785047,42.117537313432834,3744,4832,412,8576,41.655540720961284,43.656716417910445,53.76056964842012,4.583889630618603,35.469514908767245
Rural,20806,Jesús de Machaka,5887,119,5497,271,5616,2.0214030915576697,2.118945868945869,2371,3245,271,5616,40.27518260574146,42.21866096866097,2420,3196,271,5616,41.10752505520638,43.09116809116809,54.28911160183455,4.603363342959063,38.25377951418379
Rural,20305,Charaña,1742,9,1649,84,1658,0.5166475315729048,0.5428226779252111,706,951,85,1657,40.52812858783008,42.60712130356065,709,949,84,1658,40.70034443168771,42.76236429433052,54.47761194029851,4.822043628013777,40.011481056257175
Rural,20904,Malla,1777,11,1693,73,1704,0.6190208216094542,0.6455399061032864,709,994,74,1703,39.89870568373664,41.63241338813858,713,991,73,1704,40.12380416432189,41.84272300469484,55.76814856499719,4.108047270680923,39.27968486212718
Rural,21005,Ichoca,2975,17,2868,90,2885,0.5714285714285714,0.5892547660311959,1168,1716,91,2884,39.260504201680675,40.49930651872399,1180,1706,89,2886,39.66386554621849,40.88704088704089,57.34453781512605,2.991596638655462,38.689075630252105
Rural,21306,Colquencha,1853,34,1710,109,1744,1.834862385321101,1.94954128440367,705,1038,110,1743,38.04641122504048,40.44750430292599,718,1026,109,1744,38.74797625472207,41.169724770642205,55.36967080410145,5.88235294117647,36.21154883971938
Rural,20503,Aucapata,2500,30,2346,124,2376,1.2,1.2626262626262625,941,1436,123,2377,37.64,39.58771560790913,952,1425,123,2377,38.080000000000005,40.05048380311317,56.99999999999999,4.92,36.44
Rural,20301,Corocoro,4387,22,4150,215,4172,0.5014816503305219,0.5273250239693192,1661,2511,215,4172,37.86186459995441,39.8130393096836,1670,2502,215,4172,38.06701618418054,40.0287631831256,57.0321404148621,4.900843400957374,37.36038294962388
Rural,20605,Combaya,1425,6,1331,88,1337,0.42105263157894735,0.44876589379207177,534,803,88,1337,37.473684210526315,39.94016454749439,536,801,88,1337,37.6140350877193,40.089753178758414,56.21052631578948,6.175438596491229,37.05263157894737
Rural,20903,Yaco,3698,29,3436,233,3465,0.7842076798269334,0.836940836940837,1367,2098,233,3465,36.96592752839373,39.45165945165945,1378,2088,232,3466,37.26338561384532,39.757645701096365,56.462952947539215,6.273661438615467,36.18171984856679
Rural,20405,Escoma,4116,60,3915,141,3975,1.4577259475218658,1.509433962264151,1509,2466,141,3975,36.66180758017493,37.9622641509434,1528,2447,141,3975,37.12342079689018,38.44025157232704,59.450923226433424,3.4256559766763846,35.204081632653065
Rural,20403,Puerto Mayor de Carabuco,7065,121,6670,274,6791,1.7126680820948335,1.7817699896922397,2581,4209,275,6790,36.532200990799716,38.01178203240059,2618,4173,274,6791,37.05590941259731,38.551023413341184,59.06581740976645,3.878273177636235,34.81953290870488
Rural,21601,Charazani,4263,96,3978,189,4074,2.251935256861365,2.3564064801178204,1524,2550,189,4074,35.74947220267417,37.4079528718704,1564,2510,189,4074,36.687778559699744,38.38978890525283,58.87872390335445,4.433497536945813,33.497536945812804
Rural,20401,Puerto Acosta,6604,58,6326,220,6384,0.8782556026650515,0.9085213032581453,2398,3985,221,6383,36.31132646880678,37.568541438195204,2420,3964,220,6384,36.644457904300424,37.907268170426065,60.024227740763166,3.3313143549364024,35.43307086614173
Rural,21703,Tito Yupanqui,1003,7,959,37,966,0.6979062811565304,0.7246376811594203,358,608,37,966,35.69292123629113,37.060041407867494,362,604,37,966,36.09172482552343,37.47412008281574,60.219341974077764,3.688933200398804,34.9950149551346
Rural,20604,Quiabaya,1391,8,1314,69,1322,0.5751258087706687,0.6051437216338881,489,830,72,1319,35.15456506110712,37.07354056103108,492,831,68,1323,35.37023723939612,37.188208616780045,59.741193386053205,4.888569374550683,34.57943925233645
Rural,20308,Santiago de Callapa,3569,21,3293,255,3314,0.5884001120762118,0.6336753168376584,1239,2075,255,3314,34.715606612496494,37.386843693421845,1250,2064,255,3314,35.02381619501261,37.718768859384426,57.831325301204814,7.144858503782572,34.12720650042028
Rural,21204,Puerto Pérez,3188,69,2964,155,3033,2.164366373902133,2.274975272007913,1086,1947,155,3033,34.06524466750314,35.80613254203759,1116,1917,155,3033,35.006273525721454,36.795252225519285,60.13174404015057,4.86198243412798,31.900878293601004
Rural,20501,Chuma,6388,80,5980,328,6060,1.2523481527864746,1.3201320132013201,2140,3920,328,6060,33.500313087038194,35.31353135313531,2177,3883,328,6060,34.07952410770194,35.92409240924093,60.785848465873514,5.134627426424546,32.24796493425172
Rural,21602,Curva,1656,24,1538,94,1562,1.4492753623188406,1.5364916773367476,553,1009,94,1562,33.393719806763286,35.403329065300895,563,999,94,1562,33.9975845410628,36.043533930857876,60.32608695652174,5.676328502415459,31.944444444444446
Rural,20402,Mocomoco,8013,62,7514,437,7576,0.7737426681642332,0.8183738120380148,2687,4885,441,7572,33.53300886060152,35.48600105652404,2715,4862,436,7577,33.88244103332085,35.8321235317408,60.67640084862099,5.441158118058156,32.75926619243729
Rural,20202,Villa Ancoraimes,6737,78,6370,289,6448,1.1577853644055218,1.2096774193548387,2237,4209,291,6446,33.204690515066055,34.70369221222464,2264,4184,289,6448,33.60546237197566,35.111662531017366,62.10479441888081,4.289743209143536,32.046905150660535
Rural,20306,Waldo Ballivián,975,13,874,88,887,1.3333333333333335,1.4656144306651635,305,582,88,887,31.28205128205128,34.38556933483653,312,575,88,887,32.0,35.174746335963924,58.97435897435898,9.025641025641026,29.94871794871795
Rural,20303,Calacoto,5108,16,4887,205,4903,0.31323414252153486,0.3263308178666123,1539,3364,205,4903,30.12920908379013,31.388945543544764,1545,3358,205,4903,30.24667188723571,31.511319600244747,65.74001566170713,4.013312451057165,29.815974941268596
Rural,20404,Humanata,2527,20,2445,62,2465,0.7914523149980214,0.8113590263691683,731,1733,63,2464,28.92758211317768,29.667207792207794,743,1722,62,2465,29.402453502176495,30.141987829614603,68.14404432132964,2.453502176493866,28.13612979817966
Rural,21501,Ixiamas,1963,30,1782,151,1812,1.5282730514518594,1.6556291390728477,516,1294,153,1810,26.286296484971984,28.50828729281768,525,1287,151,1812,26.744778400407537,28.97350993377483,65.56291390728477,7.6923076923076925,24.758023433520126
Rural,20502,Ayata,3494,37,3214,243,3251,1.058958214081282,1.1381113503537372,836,2415,243,3251,23.926731539782484,25.71516456474931,850,2401,243,3251,24.32741843159702,26.145801291910182,68.71780194619348,6.954779622209502,22.8677733257012
Urbana,20101,Nuestra Señora de La Paz,247917,176122,67880,3915,244002,71.04071120576646,72.18055589708281,194424,49575,3918,243999,78.42302060770339,79.68229377989255,223968,20035,3914,244003,90.33991214801728,91.78903538071253,8.081333672156408,1.5787541798263127,7.382309401936936
Urbana,20105,El Alto,297715,151670,140336,5709,292006,50.944695430193306,51.94071354698191,210585,81421,5709,292006,70.73375543724704,72.11666883557187,250495,41520,5700,292015,84.13919352400787,85.78155231751794,13.94622373746704,1.9145827385250995,19.789060007053735
Urbana,21004,Colquiri,2222,864,1290,68,2154,38.88388838883888,40.11142061281337,1619,535,68,2154,72.86228622862286,75.16248839368616,1821,333,68,2154,81.95319531953196,84.54038997214485,14.986498649864988,3.0603060306030603,33.97839783978398
Urbana,20602,Guanay,1505,327,1108,70,1435,21.727574750830563,22.787456445993033,1129,306,70,1435,75.01661129568107,78.6759581881533,1204,231,70,1435,80.0,83.90243902439025,15.348837209302326,4.651162790697675,53.28903654485051
Urbana,21502,San Buenaventura,1156,332,767,57,1099,28.719723183391004,30.209281164695177,818,281,57,1099,70.76124567474048,74.43130118289353,897,202,57,1099,77.59515570934255,81.6196542311192,17.474048442906575,4.930795847750865,42.041522491349475
Urbana,20801,Viacha,32953,10484,21581,888,32065,31.81500925560647,32.69608607515983,22401,9664,888,32065,67.9786362394926,69.86121939809762,25348,6718,887,32066,76.92167632688981,79.04946048774403,20.386611234182016,2.6917124389281706,36.16362698388613
Urbana,21401,Coroico,1091,352,709,30,1061,32.26397800183318,33.17624882186617,752,309,30,1061,68.9275893675527,70.8765315739868,829,232,30,1061,75.9853345554537,78.13383600377003,21.264894592117322,2.749770852428964,36.66361136571952
Urbana,21202,Laja,4394,927,3346,121,4273,21.096950386891216,21.694359934472267,3066,1206,122,4272,69.77696859353664,71.76966292134831,3332,941,121,4273,75.8306781975421,77.97800140416568,21.41556668183887,2.753755120619026,48.68001820664542
Urbana,21105,La Asunta,1297,305,939,53,1244,23.515805705474172,24.517684887459808,907,337,53,1244,69.93060909791828,72.90996784565917,983,261,53,1244,75.79028527370856,79.01929260450162,20.123361603700847,4.086353122590594,46.41480339244411
Urbana,22001,Caranavi,7802,1866,5615,321,7481,23.91694437323763,24.943189413180058,5473,2008,321,7481,70.14867982568572,73.15866862718889,5894,1587,321,7481,75.54473211996924,78.78625852158802,20.340938220968983,4.114329659061779,46.23173545244809
Urbana,20804,Desaguadero,1503,267,1194,42,1461,17.764471057884233,18.275154004106774,1074,387,42,1461,71.45708582834331,73.51129363449692,1126,335,42,1461,74.91683300066533,77.07049965776865,22.288755821689954,2.7944111776447107,53.69261477045907
Urbana,21104,Palos Blancos,2994,162,2753,79,2915,5.410821643286573,5.55746140651801,2208,707,79,2915,73.74749498997996,75.74614065180103,2237,678,79,2915,74.71609886439545,76.7409948542024,22.645290581162325,2.638610554442218,68.33667334669339
Urbana,20607,Mapiri,3465,141,3172,152,3313,4.069264069264069,4.255961364322366,2544,770,151,3314,73.41991341991341,76.76523838261919,2584,730,151,3314,74.57431457431457,77.97223898611949,21.06782106782107,4.357864357864358,69.35064935064935
Urbana,20606,Tipuani,893,130,732,31,862,14.55767077267637,15.081206496519723,622,240,31,862,69.6528555431131,72.15777262180974,648,214,31,862,72.56438969764838,75.1740139211137,23.96416573348264,3.4714445688689812,55.09518477043673
Urbana,20601,Sorata,1792,348,1372,72,1720,19.419642857142858,20.232558139534884,1198,523,71,1721,66.85267857142857,69.61069145845438,1283,438,71,1721,71.59598214285714,74.54968041836142,24.441964285714285,3.962053571428571,47.43303571428571
Urbana,21101,Chulumani,1081,245,786,50,1031,22.664199814986123,23.763336566440348,712,319,50,1031,65.86493987049029,69.05916585838992,773,258,50,1031,71.50786308973173,74.97575169738118,23.866790009250693,4.6253469010175765,43.20074005550417
Urbana,20104,Achocalla,14474,3201,10680,593,13881,22.115517479618628,23.060298249405662,9467,4412,595,13879,65.40693657592925,68.21096620794005,10307,3574,593,13881,71.21044631753489,74.25257546286291,24.692552162498274,4.097001519966837,43.29141909631062
Urbana,20301,Corocoro,857,123,704,30,827,14.352392065344224,14.873035066505441,587,240,30,827,68.49474912485414,70.97944377267231,603,224,30,827,70.36172695449243,72.91414752116083,26.137689614935823,3.5005834305717616,54.14235705950991
Urbana,21501,Ixiamas,1343,140,1121,82,1261,10.424422933730455,11.102299762093576,914,347,82,1261,68.0565897244974,72.48215701823949,942,319,82,1261,70.14147431124348,74.70261697065821,23.752792256142964,6.105733432613552,57.632166790766945
Urbana,20701,Apolo,1835,29,1729,77,1758,1.5803814713896458,1.6496018202502845,1250,508,77,1758,68.11989100817438,71.10352673492605,1259,499,77,1758,68.61035422343325,71.61547212741752,27.193460490463217,4.1961852861035425,66.53950953678473
Urbana,21305,Patacamaya,5100,1256,3675,169,4931,24.627450980392158,25.4715067937538,3114,1817,169,4931,61.05882352941177,63.15149056986412,3482,1449,169,4931,68.27450980392157,70.61447982153722,28.41176470588235,3.313725490196078,36.43137254901961
Urbana,21701,Copacabana,2502,604,1792,106,2396,24.14068745003997,25.208681135225376,1479,917,106,2396,59.11270983213429,61.727879799666105,1658,738,106,2396,66.2669864108713,69.19866444073456,29.496402877697843,4.236610711430855,34.97202238209432
Urbana,20201,Achacachi,3554,712,2740,102,3452,20.03376477208779,20.625724217844727,2139,1313,102,3452,60.18570624648284,61.96407879490151,2350,1102,102,3452,66.12267867191896,68.07647740440325,31.00731570061902,2.8700056274620147,40.151941474395045
Urbana,21203,Batallas,1015,264,726,25,990,26.00985221674877,26.666666666666668,589,401,25,990,58.029556650246306,59.49494949494949,659,331,25,990,64.92610837438424,66.56565656565657,32.610837438423644,2.4630541871921183,32.01970443349754
Urbana,20608,Teoponte,935,75,815,45,890,8.02139037433155,8.426966292134832,591,299,45,890,63.20855614973262,66.40449438202248,603,287,45,890,64.49197860962566,67.75280898876404,30.6951871657754,4.81283422459893,55.18716577540107
Urbana,21102,Irupana,1372,123,1176,73,1299,8.965014577259476,9.468822170900692,830,469,73,1299,60.49562682215743,63.895304080061585,869,430,73,1299,63.33819241982507,66.89761354888375,31.341107871720116,5.320699708454811,51.53061224489796
Urbana,21301,Sicasica,3749,303,3240,206,3543,8.082155241397707,8.55207451312447,2286,1258,205,3544,60.976260336089624,64.50338600451467,2362,1182,205,3544,63.0034675913577,66.64785553047405,31.52840757535343,5.4681248332888766,52.894105094691916
Urbana,21002,Quime,1610,156,1384,70,1540,9.68944099378882,10.129870129870131,966,574,70,1540,60.0,62.727272727272734,1014,526,70,1540,62.98136645962733,65.84415584415585,32.67080745341615,4.3478260869565215,50.31055900621118
Urbana,21402,Coripata,1183,115,1032,36,1147,9.721048182586644,10.026155187445509,690,457,36,1147,58.32628909551987,60.156931124673065,713,434,36,1147,60.27049873203719,62.16216216216216,36.68639053254438,3.043110735418428,48.605240912933226
Urbana,21201,Pucarani,7346,619,6376,351,6995,8.426354478627825,8.849177984274482,4180,2815,351,6995,56.901715219166896,59.75696926375983,4375,2620,351,6995,59.556221072692615,62.54467476769121,35.665668390961066,4.778110536346311,48.475360740539074
Urbana,21307,Collana,1004,41,906,57,947,4.083665338645418,4.329461457233368,579,368,57,947,57.66932270916335,61.140443505807816,595,352,57,947,59.26294820717132,62.82998944033791,35.0597609561753,5.677290836653386,53.585657370517936
Urbana,21006,Villa Libertad Licoma,813,72,698,43,770,8.856088560885608,9.35064935064935,446,323,44,769,54.858548585485856,57.99739921976593,470,300,43,770,57.81057810578106,61.038961038961034,36.90036900369004,5.289052890528905,46.002460024600246
Urbana,21306,Colquencha,2627,149,2403,75,2552,5.671869052150742,5.838557993730407,1404,1148,75,2552,53.44499429006472,55.01567398119123,1448,1104,75,2552,55.119908641035394,56.739811912225704,42.02512371526456,2.854967643700038,47.77312523791398
Urbana,21003,Cajuata,706,45,622,39,667,6.373937677053824,6.746626686656672,350,317,39,667,49.57507082152974,52.47376311844077,372,295,39,667,52.69121813031161,55.77211394302849,41.78470254957507,5.524079320113314,43.20113314447592
Urbana,20903,Yaco,444,13,410,21,423,2.9279279279279278,3.0732860520094563,218,206,20,424,49.0990990990991,51.41509433962265,227,197,20,424,51.126126126126124,53.5377358490566,44.36936936936937,4.504504504504505,46.171171171171174
Urbana,21703,Tito Yupanqui,471,27,414,30,441,5.7324840764331215,6.122448979591836,230,211,30,441,48.832271762208066,52.15419501133787,238,203,30,441,50.530785562632694,53.96825396825397,43.09978768577495,6.369426751592357,43.09978768577494
Urbana,20306,Waldo Ballivián,488,7,447,34,454,1.4344262295081966,1.5418502202643172,226,227,35,453,46.31147540983606,49.88962472406181,230,224,34,454,47.13114754098361,50.66079295154186,45.90163934426229,6.967213114754098,44.877049180327866
Urbana,21005,Ichoca,480,12,451,17,463,2.5,2.591792656587473,179,284,17,463,37.291666666666664,38.66090712742981,185,278,17,463,38.54166666666667,39.956803455723545,57.91666666666667,3.5416666666666665,34.791666666666664
Urbana,21601,Charazani,759,8,709,42,717,1.0540184453227932,1.1157601115760112,224,492,43,716,29.512516469038207,31.28491620111732,224,493,42,717,29.512516469038207,31.241283124128312,64.95388669301713,5.533596837944664,28.458498023715414
