provincia_codigo,provincia,universo,fijo_si,fijo_no,fijo_sin_especificar,validos_fijo,pct_fijo,pct_fijo_determinados,movil_si,movil_no,movil_sin_especificar,validos_movil,pct_movil,pct_movil_determinados,algun_si,algun_no,algun_sin_especificar,validos_algun,pct_algun,pct_algun_determinados,pct_sin_internet,pct_sin_especificar,brecha_movil_fijo_pp
201,Murillo,579560,333109,235591,10860,568700,57.476188832907724,58.573764726569365,425009,143685,10866,568694,73.33304575885154,74.73421558869973,495795,72915,10850,568710,85.54679411967699,87.17887851453288,12.581096003865,1.8721098764580026,15.856856925943816
220,Caranavi,25572,2181,22570,821,24751,8.52885969028625,8.8117651812048,16124,8624,824,24748,63.05333959017676,65.15273961532245,16619,8132,821,24751,64.98905052401064,67.14476182780493,31.800406694822463,3.2105427811669016,54.52447989989051
208,Ingavi,64052,11649,50242,2161,61891,18.18678573658902,18.821799615452974,35895,25996,2161,61891,56.04040467120465,57.99712397602236,39174,22719,2159,61893,61.15968275775933,63.293102612573314,35.469618435021545,3.370698807219134,37.853618934615625
214,Nor Yungas,19289,852,17780,657,18632,4.417025247550417,4.572778016316016,11309,7324,656,18633,58.629270568717914,60.69339344174315,11515,7118,656,18633,59.69723676706932,61.79895883647293,36.90186116439421,3.400902068536472,54.212245321167494
206,Larecaja,39439,1706,36061,1672,37767,4.325667486498137,4.517171075277358,22619,15148,1672,37767,57.35185983417429,59.89091005375062,23058,14717,1664,37775,58.464971221379855,61.04037061548643,37.315854864474254,4.219173914145896,53.02619234767616
211,Sur Yungas,49680,1856,46225,1599,48081,3.7359098228663443,3.8601526590545125,27849,20236,1595,48085,56.05676328502416,57.916190080066556,28334,19753,1593,48087,57.03301127214171,58.92236987127498,39.76046698872786,3.206521739130435,52.320853462157814
215,Abel Iturralde,6155,589,5204,362,5793,9.569455727051178,10.167443466252374,3259,2532,364,5791,52.948822095857025,56.27698152305302,3399,2394,362,5793,55.2233956133225,58.67426204039358,38.89520714865963,5.881397238017872,43.37936636880585
217,Manco Kapac,11922,989,10496,437,11485,8.295587988592517,8.611232041793643,5904,5582,436,11486,49.52189229994967,51.4017064252133,6173,5313,436,11486,51.77822513001175,53.743687967960994,44.5646703573226,3.6571045126656596,41.226304311357154
210,Inquisivi,30583,1575,27656,1352,29231,5.149919890135042,5.388115356984024,15093,14130,1360,29223,49.350946604322665,51.64767477671697,15552,13681,1350,29233,50.8517804008763,53.20015051482913,44.73400255043652,4.4142170486871795,44.20102671418762
213,Aroma,42289,2409,37981,1899,40390,5.696516824706189,5.964347610794752,20498,19889,1902,40387,48.471233654141734,50.753955480724,21216,19178,1895,40394,50.169074700276674,52.52265187899193,45.34985457211096,4.481070727612382,42.77471682943555
207,Franz Tamayo,9232,232,8569,431,8801,2.512998266897747,2.6360640836268603,4462,4339,431,8801,48.331889081455806,50.69878422906488,4547,4255,430,8802,49.25259965337955,51.658713928652574,46.08968804159446,4.6577123050259965,45.81889081455806
212,Los Andes,46763,2843,42016,1904,44859,6.079592840493553,6.33763570298045,22054,22801,1908,44855,47.16121720163377,49.167316910043475,22937,21924,1902,44861,49.04946218163933,51.129043044069455,46.883219639458545,4.0673181789021235,41.081624361140214
209,Loayza,21883,229,20802,852,21031,1.0464744322076498,1.0888688127050545,10309,10722,852,21031,47.10962847872778,49.01811611430745,10403,10632,848,21035,47.539185669240965,49.45566912289042,48.58566010144861,3.8751542293104233,46.063154046520125
218,Gualberto Villarroel,7253,68,6831,354,6899,0.9375430856197434,0.9856500942165533,3356,3543,354,6899,46.27050875499793,48.64473112045224,3386,3513,354,6899,46.68413070453605,49.079576750253665,48.4351302909141,4.8807390045498416,45.33296566937818
202,Omasuyos,38628,1665,35358,1605,37023,4.310344827586207,4.4972044404829425,17004,20014,1610,37018,44.019881950916435,45.93441028688746,17492,19533,1603,37025,45.28321424873149,47.243754220121545,50.56694625660143,4.149839494667082,39.70953712333023
219,General José Manuel Pando,4651,41,4442,168,4483,0.8815308535798754,0.9145661387463752,2072,2411,168,4483,44.54955923457321,46.21904974347535,2096,2387,168,4483,45.06557729520534,46.75440553200981,51.32229628036982,3.612126424424855,43.668028380993334
203,Pacajes,25502,269,23979,1254,24248,1.0548192298643244,1.1093698449356648,10273,13972,1257,24245,40.28311504980002,42.37162301505465,10351,13897,1254,24248,40.58897341384989,42.6880567469482,54.49376519488668,4.91726139126343,39.228295819935695
204,Camacho,28325,321,26870,1134,27191,1.1332744924977936,1.1805376779081314,9906,17278,1141,27184,34.97263901147396,36.44055326662743,10024,17168,1133,27192,35.38923212709621,36.86378346572521,60.61076787290379,4.0,33.83936451897617
216,Bautista Saavedra,6678,128,6225,325,6353,1.916741539383049,2.0147961592948214,2301,4051,326,6352,34.45642407906559,36.22481108312343,2351,4002,325,6353,35.20515124288709,37.00613883204785,59.928122192273136,4.866726564839772,32.539682539682545
205,Muñecas,12382,147,11540,695,11687,1.1872072363107737,1.257807820655429,3917,7771,694,11688,31.63463091584558,33.51300479123888,3979,7709,694,11688,32.13535777741883,34.04346338124572,62.259731868841875,5.604910353739299,30.447423679534808
