municipio_codigo,municipio,universo,fijo_si,fijo_no,fijo_sin_especificar,validos_fijo,pct_fijo,pct_fijo_determinados,movil_si,movil_no,movil_sin_especificar,validos_movil,pct_movil,pct_movil_determinados,algun_si,algun_no,algun_sin_especificar,validos_algun,pct_algun,pct_algun_determinados,pct_sin_internet,pct_sin_especificar,brecha_movil_fijo_pp
20101,Nuestra Señora de La Paz,250931,176179,70727,4025,246906,70.21013744814312,71.35468558884757,195870,51033,4028,246903,78.05731456057642,79.33074932260847,225425,21482,4024,246907,89.8354527738701,91.29955813322425,8.560919137133316,1.6036280889965768,7.8471771124333
20105,El Alto,297898,151671,140518,5709,292189,50.91373557392127,51.90852496158308,210682,81507,5709,292189,70.72286487321163,72.10469935555412,250592,41606,5700,292198,84.12006794271865,85.76102505835085,13.966525455021516,1.9134066022598337,19.809129299290362
20606,Tipuani,3243,205,2951,87,3156,6.321307431390688,6.495564005069708,2306,850,87,3156,71.10699969164354,73.06717363751585,2349,807,87,3156,72.43293246993524,74.42965779467681,24.88436632747456,2.682701202590194,64.78569226025284
20607,Mapiri,6898,224,6376,298,6600,3.2473180632067264,3.3939393939393945,4877,1723,298,6600,70.70165265294288,73.89393939393939,4939,1662,297,6601,71.60046390258046,74.82199666717165,24.093940272542767,4.305595824876776,67.45433458973616
20801,Viacha,41941,10908,29732,1301,40640,26.007963567869147,26.840551181102363,26013,14628,1300,40641,62.02284161083427,64.00679117147709,29092,11550,1299,40642,69.36410672134666,71.58112297623148,27.53868529601106,3.097207982642283,36.01487804296512
20104,Achocalla,16297,3257,12384,656,15641,19.98527336319568,20.82347675979797,10362,5277,658,15639,63.5822544026508,66.2574333397276,11222,4419,656,15641,68.85929925753206,71.74733073332908,27.115420015953855,4.025280726514082,43.596981039455116
21103,Yanacachi,2998,114,2789,95,2903,3.802535023348899,3.926972097829831,2035,870,93,2905,67.87858572381587,70.05163511187608,2060,845,93,2905,68.71247498332221,70.91222030981066,28.18545697131421,3.1020680453635756,64.07605070046698
21502,San Buenaventura,2849,419,2301,129,2720,14.706914706914706,15.404411764705884,1829,891,129,2720,64.1979641979642,67.24264705882354,1932,788,129,2720,67.81326781326781,71.02941176470588,27.65882765882766,4.527904527904528,49.491049491049495
20103,Mecapaca,6849,1775,4908,166,6683,25.91619214483866,26.559928175968878,4215,2468,166,6683,61.541830924222516,63.07047733054018,4600,2083,166,6683,67.1630895021171,68.83136316025737,30.41319900715433,2.4237114907285737,35.625638779383856
22001,Caranavi,21081,2135,18214,732,20349,10.127603054883544,10.491916064671484,13378,6970,733,20348,63.459987666619234,65.74601926479261,13860,6489,732,20349,65.74640671694891,68.11145510835914,30.781272235662442,3.472321047388644,53.33238461173569
