municipio_codigo,municipio,universo,algun_si,algun_no,algun_sin_especificar,pct_algun,pct_sin_especificar,pct_urbanas,pct_computadora,pct_celular,pct_red_electrica,pct_3_o_mas_habitaciones,promedio_personas
20101,Nuestra Señora de La Paz,250931,225425,21482,4024,89.8354527738701,1.6036280889965768,98.79887299695932,68.31120905746998,95.7502261577884,98.14052468606907,59.019810226715705,2.9096683948974023
20102,Palca,7585,3956,3325,304,52.15557020435069,4.007910349373764,0.0,7.158866183256427,82.61041529334211,85.19446275543837,30.309822017139094,2.85497692814766
20103,Mecapaca,6849,4600,2083,166,67.1630895021171,2.4237114907285737,0.0,27.551467367498905,89.35611038107753,90.0423419477296,47.27697474083808,2.9721127171849906
20104,Achocalla,16297,11222,4419,656,68.85929925753206,4.025280726514082,88.8138921273854,25.562987052831808,87.8443885377677,82.2053138614469,37.39952138430386,2.7428974657912497
20105,El Alto,297898,250592,41606,5700,84.12006794271865,1.9134066022598337,99.9385695775064,48.256450194361825,94.07851009405904,96.3873540607859,52.45453141679367,2.9457633149601543
20201,Achacachi,18316,8826,8729,761,48.187377156584404,4.154837300720681,19.40379995632234,18.77047390259882,82.33784669141734,83.29875518672199,42.73312950425857,2.551703428696222
20202,Villa Ancoraimes,6737,2264,4184,289,33.60546237197566,4.289743209143536,0.0,6.4717233189847105,76.78491910345852,72.83657414279354,29.21181534807778,2.5039335015585573
20203,Huarina,3956,1826,1991,139,46.1577350859454,3.513650151668352,0.0,12.43680485338726,82.28008088978767,76.97168857431748,34.30232558139535,2.1711324570273005
20204,Santiago de Huata,4479,1959,2296,224,43.73744139316812,5.001116320607278,0.0,13.619111408796606,80.46438937262782,79.66063853538736,37.59767805313686,2.0613976334003126
20205,Huatajata,2509,1322,1092,95,52.69031486648067,3.7863690713431644,0.0,20.247110402550817,81.18772419290553,84.49581506576325,41.052212036667996,2.0063770426464727
20206,Chua Cocani,2631,1295,1241,95,49.2208285822881,3.610794374762448,0.0,11.668567084758646,82.89623717217788,74.57240592930444,33.59939186621057,2.6183960471303687
20301,Corocoro,5244,2273,2726,245,43.34477498093059,4.672006102212052,16.342486651411136,9.687261632341723,77.8794813119756,70.72845156369183,26.239511823035848,2.5217391304347827
20302,Caquiaviri,5233,2478,2535,220,47.35333460729983,4.204089432447926,0.0,5.962163195107969,79.89680871393082,71.56506783871585,24.47926619529906,2.9501242117332316
20303,Calacoto,5108,1545,3358,205,30.24667188723571,4.013312451057165,0.0,2.623335943617854,71.1041503523884,45.63429913860611,17.36491777603759,2.385865309318716
20304,Comanche,1930,969,906,55,50.20725388601036,2.849740932642487,0.0,6.424870466321243,83.8860103626943,78.44559585492227,30.0,2.7067357512953367
20305,Charaña,1742,709,949,84,40.70034443168771,4.822043628013777,0.0,5.281285878300804,74.16762342135476,26.34902411021814,23.88059701492537,2.3668197474167623
20306,Waldo Ballivián,1463,542,799,122,37.04716336295284,8.33902939166097,33.35611756664388,5.536568694463432,65.20847573479152,68.3526999316473,38.82433356117566,4.150375939849624
20307,Nazacara de Pacajes,1213,585,560,68,48.2275350370981,5.605935696619951,0.0,4.9464138499587795,76.5045342126958,68.09563066776587,26.051112943116237,3.3116240725474033
20308,Santiago de Callapa,3569,1250,2064,255,35.02381619501261,7.144858503782572,0.0,1.9052956010086857,72.59736620902214,54.46903894648361,15.71868870832166,2.245166713365088
20401,Puerto Acosta,6604,2420,3964,220,36.644457904300424,3.3313143549364024,0.0,5.708661417322835,75.43912780133253,69.5336159903089,25.211992731677775,2.1150817686250756
20402,Mocomoco,8013,2715,4862,436,33.88244103332085,5.441158118058156,0.0,4.355422438537377,73.85498564832147,69.17509047797328,28.491201797079746,2.2126544365406215
20403,Puerto Mayor de Carabuco,7065,2618,4173,274,37.05590941259731,3.878273177636235,0.0,6.8789808917197455,78.27317763623496,75.35739561217268,35.4140127388535,2.41104033970276
20404,Humanata,2527,743,1722,62,29.402453502176495,2.453502176493866,0.0,3.205381875741987,72.93233082706767,70.55797388207361,19.430154333201425,2.2362485160269094
20405,Escoma,4116,1528,2447,141,37.12342079689018,3.4256559766763846,0.0,11.321671525753159,77.52672497570457,69.72789115646259,28.960155490767736,2.140913508260447
20501,Chuma,6388,2177,3883,328,34.07952410770194,5.134627426424546,0.0,5.103318722604884,75.0,75.76706324358172,30.416405760801503,2.784439574201628
20502,Ayata,3494,850,2401,243,24.32741843159702,6.954779622209502,0.0,5.00858614768174,68.91814539210075,75.41499713795076,29.59358900973097,2.5787063537492845
20503,Aucapata,2500,952,1425,123,38.080000000000005,4.92,0.0,7.64,76.24,73.76,20.28,2.5808
20601,Sorata,11459,5914,5021,524,51.61008814032638,4.5728248538266865,15.638362858888211,8.735491753207086,80.33859848154289,79.52700933763853,26.913343223666985,2.6006632341391045
20602,Guanay,6269,3958,2051,260,63.13606635827086,4.147391928537247,24.00701866326368,14.196841601531347,83.01164460041474,67.95342159834105,23.38490987398309,2.5591003349816557
20603,Tacacoma,4152,2169,1815,168,52.23988439306358,4.046242774566474,0.0,7.418111753371869,81.5028901734104,69.65317919075144,21.411368015414258,2.2916666666666665
20604,Quiabaya,1391,492,831,68,35.37023723939612,4.888569374550683,0.0,3.6664270309130123,73.47232207045292,76.63551401869158,18.763479511143064,2.9741193386053197
20605,Combaya,1425,536,801,88,37.6140350877193,6.175438596491229,0.0,5.4035087719298245,68.14035087719297,75.9298245614035,30.526315789473685,2.4680701754385965
20606,Tipuani,3243,2349,807,87,72.43293246993524,2.682701202590194,27.536231884057973,18.100524205982115,88.06660499537465,86.6481652790626,19.858156028368796,2.3348751156336727
20607,Mapiri,6898,4939,1662,297,71.60046390258046,4.305595824876776,50.23195129022905,19.570890113076253,87.70658161786025,91.04088141490287,28.2690634966657,2.9137431139460714
20608,Teoponte,4602,2701,1729,172,58.691873098652756,3.737505432420687,20.317253368100825,11.169056931768797,82.68144285093437,60.34332898739678,22.968274663189916,2.813342025206432
20701,Apolo,6164,3176,2712,276,51.52498377676833,4.477611940298507,29.769630110317973,11.161583387410772,78.65022712524335,68.75405580791694,22.761194029850746,2.99675535366645
20702,Pelechuco,3068,1371,1543,154,44.6870925684485,5.019556714471968,0.0,12.711864406779661,76.79269882659713,71.47979139504564,38.26597131681878,2.766949152542373
20801,Viacha,41941,29092,11550,1299,69.36410672134666,3.097207982642283,78.56989580601321,28.740373381655182,89.25395198016261,87.1033117951408,41.026680336663404,2.6465987935433106
20802,Puerto Mayor de Guaqui,3220,1573,1557,90,48.850931677018636,2.7950310559006213,0.0,13.322981366459627,82.63975155279503,82.14285714285714,41.64596273291926,2.5341614906832297
20803,Tiahuanacu,4653,2023,2444,186,43.47732645604986,3.9974210186976147,0.0,12.293144208037825,79.19621749408984,76.85364281108961,39.26499032882012,2.92735869331614
20804,Desaguadero,2675,1629,964,82,60.89719626168224,3.0654205607476634,56.18691588785046,18.05607476635514,88.78504672897196,92.29906542056074,44.22429906542056,2.9020560747663553
20805,La (Marka) San Andrés de Machaca,3114,1309,1678,127,42.03596660244059,4.078355812459859,0.0,4.6563904945407835,78.90173410404624,69.84585741811176,22.832369942196532,2.5285806037251124
20806,Jesús de Machaka,5887,2420,3196,271,41.10752505520638,4.603363342959063,0.0,8.595209784270425,76.43961270596229,69.83183285204689,34.92440971632411,2.8771870222524205
20807,Taraco,2562,1128,1330,104,44.02810304449648,4.059328649492584,0.0,6.401249024199844,84.07494145199064,82.90398126463701,31.069476971116316,2.9078844652615143
20901,Luribay,4434,2119,2170,145,47.78980604420388,3.270184934596301,0.0,8.119079837618404,80.04059539918809,79.86017140279658,37.437979251240414,2.4023455119530897
20902,Sapahaqui,6638,3609,2836,193,54.36878577884905,2.9075022597167823,0.0,6.764085567942152,83.80536306116299,76.52907502259717,31.34980415787888,2.4819222657426936
20903,Yaco,4142,1605,2285,252,38.749396426846936,6.084017382906808,10.719459198454853,5.432158377595365,74.5292129406084,69.14534041525833,22.428778367938193,2.949782713664896
20904,Malla,1777,713,991,73,40.12380416432189,4.108047270680923,0.0,5.740011254924029,79.34721440630275,58.525604952166574,15.588069780528983,2.9454136184580753
20905,Cairoma,4892,2357,2350,185,48.180703188879804,3.781684382665577,0.0,8.544562551103843,80.2943581357318,84.46443172526574,22.444807849550287,2.7728945216680296
21001,Inquisivi,7144,2991,3850,303,41.86730123180291,4.241321388577828,0.0,5.137178051511758,77.98152295632698,49.496080627099666,23.01231802911534,2.6103023516237402
21002,Quime,4434,2547,1718,169,57.4424898511502,3.8114569237708618,36.310329273793414,12.223725755525484,82.36355435272891,77.44700045105999,22.14704555705909,2.28191249436175
21003,Cajuata,5809,3284,2246,279,56.53296608710622,4.802892064038561,12.153554828714064,9.140988121879841,80.75400241005336,85.98726114649682,26.82045102427268,2.6551902220692027
21004,Colquiri,7870,4410,3078,382,56.03557814485387,4.853875476493012,28.23379923761118,13.506988564167727,82.83354510800508,81.67725540025414,26.493011435832276,2.9303684879288436
21005,Ichoca,3455,1365,1984,106,39.507959479015916,3.0680173661360346,13.892908827785819,4.573082489146165,75.4848046309696,59.536903039073806,17.858176555716355,2.756584659913169
21006,Villa Libertad Licoma,1871,955,805,111,51.042223409941215,5.932656333511491,43.452699091394976,8.284339925173704,75.25387493319081,84.71405665419562,32.121859967931584,4.187600213789417
21101,Chulumani,7214,4361,2639,214,60.45189908511228,2.9664541169947327,14.984751871361244,14.832270584973662,86.92819517604657,90.5600221790962,31.563626282229002,2.5119212642084836
21102,Irupana,9458,5357,3769,332,56.63988158172975,3.5102558680482137,14.506238105307675,9.272573482765912,83.97124127722563,82.48043983928949,21.939099175301333,2.3314654260943115
21103,Yanacachi,2998,2060,845,93,68.71247498332221,3.1020680453635756,0.0,14.84322881921281,89.25950633755836,82.38825883922615,25.450300200133423,2.4723148765843894
21104,Palos Blancos,11630,7073,4179,378,60.81685296646604,3.2502149613069644,25.743766122098023,13.619948409286328,84.6689595872743,61.34135855546001,22.502149613069648,2.3217540842648323
21105,La Asunta,18380,9483,8321,576,51.59412404787813,3.133841131664853,7.056583242655059,9.330794341675734,82.42110990206747,71.2132752992383,23.182807399347116,2.462568008705114
21201,Pucarani,21459,10675,9890,894,49.74602730788946,4.166084160492101,34.23272286686239,11.463721515448064,81.42504310545692,71.71816021249825,29.80101589076844,2.312083508085186
21202,Laja,13613,7203,5908,502,52.912657019025936,3.6876515095864244,32.27796958789392,13.075736428414016,83.27334165870859,77.33049291118783,29.104532432233892,2.8296481304635277
21203,Batallas,8503,3943,4209,351,46.3718687522051,4.127954839468423,11.936963424673644,13.724567799600141,80.00705633305893,76.54945313418794,37.868987416206046,2.4147947783135364
21204,Puerto Pérez,3188,1116,1917,155,35.006273525721454,4.86198243412798,0.0,7.622333751568382,76.03513174404016,78.3249686323714,30.238393977415306,2.453262233375157
21301,Sicasica,12627,6190,5782,655,49.02193711887225,5.187297061851588,29.690346083788704,11.815949948523006,78.33214540270849,74.20606636572424,28.54201314643225,2.675536548665558
21302,Umala,3921,1840,1839,242,46.926804386636064,6.171894924764091,0.0,5.9678653404743685,77.607753124203,74.95536852843662,25.98826829890334,2.3147156337668964
21303,Ayo Ayo,4794,2209,2422,163,46.07843137254902,3.400083437630371,0.0,6.967042136003338,77.45098039215686,64.74760116812682,27.30496453900709,2.345014601585315
21304,Calamarca,5467,2527,2705,235,46.22279129321383,4.298518383025425,0.0,8.487287360526798,81.17797695262485,78.80007316627035,33.41869398207427,2.7892811413938174
21305,Patacamaya,9347,5382,3639,326,57.57997218358831,3.487750080239649,54.56296137798225,19.674761955707716,83.88787846367819,83.0533861131914,37.92660746763667,2.617096394565101
21306,Colquencha,4480,2166,2130,184,48.348214285714285,4.107142857142857,58.63839285714286,12.388392857142858,80.04464285714286,72.32142857142857,34.732142857142854,2.7830357142857145
21307,Collana,1653,902,661,90,54.567453115547494,5.44464609800363,60.73805202661827,8.287961282516637,78.10042347247429,81.79068360556563,29.764065335753177,3.3315184513006653
21401,Coroico,10376,6461,3566,349,62.268696993060914,3.3635312259059367,10.514649190439476,14.13839629915189,86.12181958365458,75.86738627602159,22.176175790285274,2.5641865844255975
21402,Coripata,8913,5054,3552,307,56.70369123751823,3.444407045888029,13.272747671939863,12.240547514865927,84.4160215415685,88.8477504768316,32.87333108941995,2.571973521822058
21501,Ixiamas,3306,1467,1606,233,44.37386569872958,7.047791893526921,40.62310949788264,11.040532365396249,72.0508166969147,44.46460980036298,28.160919540229884,3.427102238354507
21502,San Buenaventura,2849,1932,788,129,67.81326781326781,4.527904527904528,40.57564057564058,18.006318006318008,84.66128466128467,87.04808704808705,28.431028431028434,3.3850473850473852
21601,Charazani,5022,1788,3003,231,35.603345280764636,4.599761051373955,15.113500597371566,7.984866587017124,76.40382317801672,76.9215452011151,29.908403026682596,3.116089207487057
21602,Curva,1656,563,999,94,33.9975845410628,5.676328502415459,0.0,7.971014492753622,74.51690821256038,61.41304347826087,28.985507246376812,3.9698067632850242
21701,Copacabana,6817,3652,2913,252,53.571952471761776,3.696640751063518,36.70236174270207,14.317148305706324,83.83453131876192,78.45093149479243,42.716737567845094,2.5253043860935898
21702,San Pedro de Tiquina,3631,1921,1593,117,52.90553566510603,3.222252822913798,0.0,11.456898925915727,83.03497659047095,79.37207380886808,35.36215918479758,2.42550261635913
21703,Tito Yupanqui,1474,600,807,67,40.70556309362279,4.545454545454546,31.953867028493892,6.1058344640434195,77.6797829036635,68.58887381275441,35.95658073270013,4.970827679782904
21801,San Pedro de Curahuara,3484,1482,1794,208,42.53731343283582,5.970149253731343,0.0,4.793340987370838,76.20551090700344,72.96211251435132,12.743972445464982,2.64150401836969
21802,Papel Pampa,2888,1478,1287,123,51.17728531855956,4.259002770083103,0.0,7.132963988919667,80.6786703601108,68.21329639889197,12.18836565096953,2.2995152354570636
21803,Chacarilla,881,426,432,23,48.35414301929625,2.6106696935300793,0.0,4.767309875141884,82.51986379114642,62.315550510783204,11.464245175936435,2.3246311010215663
21901,Santiago de Machaca,2956,1350,1501,105,45.66982408660352,3.5520974289580516,0.0,6.292286874154263,80.78484438430311,73.74830852503383,17.625169147496617,2.291610284167794
21902,Catacora,1695,746,886,63,44.011799410029504,3.7168141592920354,0.0,8.613569321533923,72.86135693215338,72.86135693215338,13.097345132743362,3.1474926253687316
22001,Caranavi,21081,13860,6489,732,65.74640671694891,3.472321047388644,37.00962952421612,16.763910630425503,85.54148285185713,81.12044020682131,23.39073098999099,2.750581091978559
22002,Alto Beni,4491,2759,1643,89,61.43397906924961,1.9817412602983746,0.0,10.287241148964595,85.48207526163438,58.38343353373413,17.88020485415275,2.32353596081051
