param_modelo__max_depth,param_modelo__min_samples_split,param_modelo__min_samples_leaf,std_test_score,rank_test_score,mse_cv_pp2
19,7,1,25.05784938146688,1,51.166268497394846
17,7,1,25.05784938146688,1,51.166268497394846
10,7,1,25.05784938146688,1,51.166268497394846
12,7,1,25.05784938146688,1,51.166268497394846
16,7,1,25.05784938146688,1,51.166268497394846
14,7,1,25.05784938146688,1,51.166268497394846
15,7,1,25.05784938146688,1,51.166268497394846
9,7,1,25.05784938146688,1,51.166268497394846
13,7,1,25.05784938146688,1,51.166268497394846
8,7,1,25.05784938146688,1,51.166268497394846
11,7,1,25.05784938146688,1,51.166268497394846
18,7,1,25.05784938146688,1,51.166268497394846
7,7,1,25.05784938146688,1,51.166268497394846
4,8,2,25.668746053012928,14,52.221464878794336
5,7,1,24.377255367141547,15,52.3250893879567
19,8,2,23.482262929795493,16,52.52189656713714
6,8,2,23.482262929795493,16,52.52189656713714
16,8,2,23.482262929795493,16,52.52189656713714
13,8,2,23.482262929795493,16,52.52189656713714
15,8,2,23.482262929795493,16,52.52189656713714
8,8,2,23.482262929795493,16,52.52189656713714
18,8,2,23.482262929795493,16,52.52189656713714
14,8,2,23.482262929795493,16,52.52189656713714
7,8,2,23.482262929795493,16,52.52189656713714
17,8,2,23.482262929795493,16,52.52189656713714
10,8,2,23.482262929795493,16,52.52189656713714
12,8,2,23.482262929795493,16,52.52189656713714
9,8,2,23.482262929795493,16,52.52189656713714
11,8,2,23.482262929795493,16,52.52189656713714
10,8,1,25.915410335131682,30,52.5350896482942
19,8,1,25.915410335131682,30,52.5350896482942
16,8,1,25.915410335131682,30,52.5350896482942
12,8,1,25.915410335131682,30,52.5350896482942
8,8,1,25.915410335131682,30,52.5350896482942
11,8,1,25.915410335131682,30,52.5350896482942
13,8,1,25.915410335131682,30,52.5350896482942
14,8,1,25.915410335131682,30,52.5350896482942
7,8,1,25.915410335131682,30,52.5350896482942
15,8,1,25.915410335131682,30,52.5350896482942
6,8,1,25.915410335131682,30,52.5350896482942
18,8,1,25.915410335131682,30,52.5350896482942
17,8,1,25.915410335131682,30,52.5350896482942
9,8,1,25.915410335131682,30,52.5350896482942
15,9,1,27.104056780654293,44,52.57598538265436
6,9,1,27.104056780654293,44,52.57598538265436
13,9,2,27.104056780654293,44,52.57598538265436
7,9,1,27.104056780654293,44,52.57598538265436
9,9,1,27.104056780654293,44,52.57598538265436
15,9,2,27.104056780654293,44,52.57598538265436
10,9,1,27.104056780654293,44,52.57598538265436
17,9,1,27.104056780654293,44,52.57598538265436
12,9,1,27.104056780654293,44,52.57598538265436
12,9,2,27.104056780654293,44,52.57598538265436
16,9,1,27.104056780654293,44,52.57598538265436
9,9,2,27.104056780654293,44,52.57598538265436
17,9,2,27.104056780654293,44,52.57598538265436
19,9,2,27.104056780654293,44,52.57598538265436
19,9,1,27.104056780654293,44,52.57598538265436
7,9,2,27.104056780654293,44,52.57598538265436
6,9,2,27.104056780654293,44,52.57598538265436
8,9,1,27.104056780654293,44,52.57598538265436
18,9,1,27.104056780654293,44,52.57598538265436
14,9,2,27.104056780654293,44,52.57598538265436
18,9,2,27.104056780654293,44,52.57598538265436
14,9,1,27.104056780654293,44,52.57598538265436
8,9,2,27.104056780654293,44,52.57598538265436
11,9,2,27.104056780654293,44,52.57598538265436
13,9,1,27.104056780654293,44,52.57598538265436
10,9,2,27.104056780654293,44,52.57598538265436
11,9,1,27.104056780654293,44,52.57598538265436
16,9,2,27.104056780654293,44,52.57598538265436
8,7,2,24.46126185757824,72,52.83440234836272
14,7,2,24.46126185757824,72,52.83440234836272
11,7,2,24.46126185757824,72,52.83440234836272
12,7,2,24.46126185757824,72,52.83440234836272
7,7,2,24.46126185757824,72,52.83440234836272
15,7,2,24.46126185757824,72,52.83440234836272
16,7,2,24.46126185757824,72,52.83440234836272
13,7,2,24.46126185757824,72,52.83440234836272
18,7,2,24.46126185757824,72,52.83440234836272
17,7,2,24.46126185757824,72,52.83440234836272
19,7,2,24.46126185757824,72,52.83440234836272
10,7,2,24.46126185757824,72,52.83440234836272
9,7,2,24.46126185757824,72,52.83440234836272
4,7,2,25.766013670276863,85,52.99250076983723
4,8,1,27.280264484357524,86,53.097873611070895
2,6,2,24.572728195782414,87,53.152913862596066
2,8,2,24.572728195782414,87,53.152913862596066
2,6,1,24.572728195782414,87,53.152913862596066
2,5,1,24.572728195782414,87,53.152913862596066
2,2,1,24.572728195782414,87,53.152913862596066
2,9,2,24.572728195782414,87,53.152913862596066
2,5,2,24.572728195782414,87,53.152913862596066
2,2,2,24.572728195782414,87,53.152913862596066
2,3,1,24.572728195782414,87,53.152913862596066
2,7,2,24.572728195782414,87,53.152913862596066
2,3,2,24.572728195782414,87,53.152913862596066
2,8,1,24.572728195782414,87,53.152913862596066
2,7,1,24.572728195782414,87,53.152913862596066
2,4,2,24.572728195782414,87,53.152913862596066
2,9,1,24.572728195782414,87,53.152913862596066
2,4,1,24.572728195782414,87,53.152913862596066
4,6,1,23.46746611920066,103,53.162849826486344
5,9,1,26.848362215850983,104,53.4438434697711
5,9,2,26.848362215850983,104,53.4438434697711
6,7,2,24.139352418631653,106,53.491086833664
4,9,1,28.08133264715505,107,53.530136203161724
4,9,2,28.08133264715505,107,53.530136203161724
5,7,2,24.070448351401144,109,53.54911604097832
6,7,1,29.04114677524085,110,54.16448862521592
4,7,1,29.367130927327374,111,54.973225410454894
5,6,2,27.46606622057267,112,55.37252292132755
4,6,2,28.150524097875106,113,55.741292614666634
6,6,2,27.570001734316588,114,55.75431144128835
6,6,1,31.22237560881142,115,57.012149041795375
5,6,1,30.30946262689104,116,57.59029457597368
4,7,3,22.62480543756878,117,57.791354940676705
4,8,3,22.570935735907455,118,57.93393172978358
4,3,2,37.392138164534614,119,58.464102345394465
4,2,2,37.392138164534614,119,58.464102345394465
4,4,2,37.392138164534614,119,58.464102345394465
4,9,4,26.404713597148376,122,58.474567560645404
3,8,2,22.032692111914365,123,58.526425433804135
6,7,3,20.12415680109095,124,58.71818989705936
3,9,4,25.63936149358423,125,58.7367344167767
10,6,2,26.958408227544698,126,58.758597547915336
12,6,2,26.958408227544698,126,58.758597547915336
17,6,2,26.958408227544698,126,58.758597547915336
11,6,2,26.958408227544698,126,58.758597547915336
18,6,2,26.958408227544698,126,58.758597547915336
14,6,2,26.958408227544698,126,58.758597547915336
8,6,2,26.958408227544698,126,58.758597547915336
15,6,2,26.958408227544698,126,58.758597547915336
9,6,2,26.958408227544698,126,58.758597547915336
7,6,2,26.958408227544698,126,58.758597547915336
13,6,2,26.958408227544698,126,58.758597547915336
19,6,2,26.958408227544698,126,58.758597547915336
16,6,2,26.958408227544698,126,58.758597547915336
4,5,2,37.223086554243785,139,59.10051754364927
14,8,3,20.591513173380974,140,59.14116336850867
12,8,3,20.591513173380974,140,59.14116336850867
7,8,3,20.591513173380974,140,59.14116336850867
13,8,3,20.591513173380974,140,59.14116336850867
8,8,3,20.591513173380974,140,59.14116336850867
16,8,3,20.591513173380974,140,59.14116336850867
18,8,3,20.591513173380974,140,59.14116336850867
6,8,3,20.591513173380974,140,59.14116336850867
15,8,3,20.591513173380974,140,59.14116336850867
17,8,3,20.591513173380974,140,59.14116336850867
11,8,3,20.591513173380974,140,59.14116336850867
9,8,3,20.591513173380974,140,59.14116336850867
19,8,3,20.591513173380974,140,59.14116336850867
10,8,3,20.591513173380974,140,59.14116336850867
4,9,3,24.989796177318585,154,59.24260305415096
5,8,2,20.680520011532685,155,59.247199643432225
5,8,1,22.296544387880406,156,59.260392724589295
4,5,4,27.50769620452028,157,59.34335759962092
4,8,4,27.50769620452028,157,59.34335759962092
4,3,4,27.50769620452028,157,59.34335759962092
4,4,4,27.50769620452028,157,59.34335759962092
4,6,4,27.50769620452028,157,59.34335759962092
4,2,4,27.50769620452028,157,59.34335759962092
4,7,4,27.50769620452028,157,59.34335759962092
3,8,1,23.57628704920813,164,59.40283416608071
3,3,4,26.839714754233167,165,59.408787733027
3,6,4,26.839714754233167,165,59.408787733027
3,2,4,26.839714754233167,165,59.408787733027
3,7,4,26.839714754233167,165,59.408787733027
3,4,4,26.839714754233167,165,59.408787733027
3,5,4,26.839714754233167,165,59.408787733027
3,8,4,26.839714754233167,165,59.408787733027
3,6,2,21.86799678830604,172,59.440038113953904
3,7,2,21.86799678830604,172,59.440038113953904
3,8,3,22.061448294164368,174,59.48056444110182
3,7,3,22.061448294164368,174,59.48056444110182
5,5,2,36.37657899923632,176,59.55439781727167
3,9,2,24.34805253934309,177,59.83509675817152
3,9,1,24.34805253934309,177,59.83509675817152
8,9,3,23.2583979051072,179,59.838160188557616
6,9,3,23.2583979051072,179,59.838160188557616
15,9,3,23.2583979051072,179,59.838160188557616
18,9,3,23.2583979051072,179,59.838160188557616
11,9,3,23.2583979051072,179,59.838160188557616
16,9,3,23.2583979051072,179,59.838160188557616
9,9,3,23.2583979051072,179,59.838160188557616
17,9,3,23.2583979051072,179,59.838160188557616
19,9,3,23.2583979051072,179,59.838160188557616
13,9,3,23.2583979051072,179,59.838160188557616
14,9,3,23.2583979051072,179,59.838160188557616
12,9,3,23.2583979051072,179,59.838160188557616
10,9,3,23.2583979051072,179,59.838160188557616
7,9,3,23.2583979051072,179,59.838160188557616
12,9,4,27.311588821446524,193,60.00241061276266
17,9,4,27.311588821446524,193,60.00241061276266
9,9,4,27.311588821446524,193,60.00241061276266
11,9,4,27.311588821446524,193,60.00241061276266
16,9,4,27.311588821446524,193,60.00241061276266
19,9,4,27.311588821446524,193,60.00241061276266
10,9,4,27.311588821446524,193,60.00241061276266
18,9,4,27.311588821446524,193,60.00241061276266
14,9,4,27.311588821446524,193,60.00241061276266
15,9,4,27.311588821446524,193,60.00241061276266
6,9,4,27.311588821446524,193,60.00241061276266
8,9,4,27.311588821446524,193,60.00241061276266
7,9,4,27.311588821446524,193,60.00241061276266
13,9,4,27.311588821446524,193,60.00241061276266
14,6,1,30.56026356455781,207,60.01643514842236
12,6,1,30.56026356455781,207,60.01643514842236
10,6,1,30.56026356455781,207,60.01643514842236
7,6,1,30.56026356455781,207,60.01643514842236
15,6,1,30.56026356455781,207,60.01643514842236
8,6,1,30.56026356455781,207,60.01643514842236
11,6,1,30.56026356455781,207,60.01643514842236
18,6,1,30.56026356455781,207,60.01643514842236
13,6,1,30.56026356455781,207,60.01643514842236
9,6,1,30.56026356455781,207,60.01643514842236
19,6,1,30.56026356455781,207,60.01643514842236
17,6,1,30.56026356455781,207,60.01643514842236
16,6,1,30.56026356455781,207,60.01643514842236
2,2,4,23.549520804656126,220,60.0374984168364
2,7,4,23.549520804656126,220,60.0374984168364
2,6,4,23.549520804656126,220,60.0374984168364
2,3,4,23.549520804656126,220,60.0374984168364
2,4,4,23.549520804656126,220,60.0374984168364
2,9,4,23.549520804656126,220,60.0374984168364
2,8,4,23.549520804656126,220,60.0374984168364
2,5,4,23.549520804656126,220,60.0374984168364
5,7,3,21.027422468616944,228,60.22853107256558
3,7,1,23.38823799690787,229,60.31644684623048
3,6,1,23.38823799690787,229,60.31644684623048
5,8,3,20.951919214051955,231,60.371107861672456
6,2,2,36.376994739852925,232,60.492331252344435
6,4,2,36.376994739852925,232,60.492331252344435
6,3,2,36.376994739852925,232,60.492331252344435
7,2,2,35.978517456781304,235,60.585160039870836
7,3,2,35.978517456781304,235,60.585160039870836
7,4,2,35.978517456781304,235,60.585160039870836
8,7,3,20.27590907667829,238,60.68893390301703
10,7,3,20.27590907667829,238,60.68893390301703
12,7,3,20.27590907667829,238,60.68893390301703
14,7,3,20.27590907667829,238,60.68893390301703
9,7,3,20.27590907667829,238,60.68893390301703
16,7,3,20.27590907667829,238,60.68893390301703
15,7,3,20.27590907667829,238,60.68893390301703
19,7,3,20.27590907667829,238,60.68893390301703
7,7,3,20.27590907667829,238,60.68893390301703
13,7,3,20.27590907667829,238,60.68893390301703
11,7,3,20.27590907667829,238,60.68893390301703
18,7,3,20.27590907667829,238,60.68893390301703
17,7,3,20.27590907667829,238,60.68893390301703
5,9,4,27.1999178633981,251,60.75738302667958
3,9,3,24.36457144622451,252,60.7892357654692
14,4,2,35.83816285543261,253,60.90934835599403
13,4,2,35.83816285543261,253,60.90934835599403
14,3,2,35.83816285543261,253,60.90934835599403
13,2,2,35.83816285543261,253,60.90934835599403
13,3,2,35.83816285543261,253,60.90934835599403
11,3,2,35.83816285543261,253,60.90934835599403
11,4,2,35.83816285543261,253,60.90934835599403
11,2,2,35.83816285543261,253,60.90934835599403
8,2,2,35.83816285543261,253,60.90934835599403
8,3,2,35.83816285543261,253,60.90934835599403
8,4,2,35.83816285543261,253,60.90934835599403
17,4,2,35.83816285543261,253,60.90934835599403
12,2,2,35.83816285543261,253,60.90934835599403
17,2,2,35.83816285543261,253,60.90934835599403
10,4,2,35.83816285543261,253,60.90934835599403
9,3,2,35.83816285543261,253,60.90934835599403
9,4,2,35.83816285543261,253,60.90934835599403
9,2,2,35.83816285543261,253,60.90934835599403
14,2,2,35.83816285543261,253,60.90934835599403
16,2,2,35.83816285543261,253,60.90934835599403
15,4,2,35.83816285543261,253,60.90934835599403
15,2,2,35.83816285543261,253,60.90934835599403
16,4,2,35.83816285543261,253,60.90934835599403
12,4,2,35.83816285543261,253,60.90934835599403
16,3,2,35.83816285543261,253,60.90934835599403
12,3,2,35.83816285543261,253,60.90934835599403
15,3,2,35.83816285543261,253,60.90934835599403
17,3,2,35.83816285543261,253,60.90934835599403
19,3,2,35.83816285543261,253,60.90934835599403
19,4,2,35.83816285543261,253,60.90934835599403
10,3,2,35.83816285543261,253,60.90934835599403
10,2,2,35.83816285543261,253,60.90934835599403
18,4,2,35.83816285543261,253,60.90934835599403
18,3,2,35.83816285543261,253,60.90934835599403
18,2,2,35.83816285543261,253,60.90934835599403
19,2,2,35.83816285543261,253,60.90934835599403
6,5,3,23.43147194795375,289,61.07831368048547
6,4,3,23.43147194795375,289,61.07831368048547
6,3,3,23.43147194795375,289,61.07831368048547
6,6,3,23.43147194795375,289,61.07831368048547
6,2,3,23.43147194795375,289,61.07831368048547
3,6,3,21.889873793459923,294,61.55610414370268
3,2,3,21.889873793459923,294,61.55610414370268
3,3,3,21.889873793459923,294,61.55610414370268
3,5,3,21.889873793459923,294,61.55610414370268
3,4,3,21.889873793459923,294,61.55610414370268
4,4,3,25.503870866736623,299,61.63785106092839
4,3,3,25.503870866736623,299,61.63785106092839
4,5,3,25.503870866736623,299,61.63785106092839
4,2,3,25.503870866736623,299,61.63785106092839
4,6,3,25.503870866736623,299,61.63785106092839
5,9,3,23.27242715543586,304,61.67977918603981
2,6,3,24.208901651876108,305,61.76006487434726
2,8,3,24.208901651876108,305,61.76006487434726
2,7,3,24.208901651876108,305,61.76006487434726
2,2,3,24.208901651876108,305,61.76006487434726
2,3,3,24.208901651876108,305,61.76006487434726
2,4,3,24.208901651876108,305,61.76006487434726
2,9,3,24.208901651876108,305,61.76006487434726
2,5,3,24.208901651876108,305,61.76006487434726
17,8,4,27.52040411668759,313,61.868069201239464
10,3,4,27.52040411668759,313,61.868069201239464
17,7,4,27.52040411668759,313,61.868069201239464
17,6,4,27.52040411668759,313,61.868069201239464
17,3,4,27.52040411668759,313,61.868069201239464
17,5,4,27.52040411668759,313,61.868069201239464
10,2,4,27.52040411668759,313,61.868069201239464
11,2,4,27.52040411668759,313,61.868069201239464
11,5,4,27.52040411668759,313,61.868069201239464
11,3,4,27.52040411668759,313,61.868069201239464
17,4,4,27.52040411668759,313,61.868069201239464
11,8,4,27.52040411668759,313,61.868069201239464
11,7,4,27.52040411668759,313,61.868069201239464
11,6,4,27.52040411668759,313,61.868069201239464
17,2,4,27.52040411668759,313,61.868069201239464
11,4,4,27.52040411668759,313,61.868069201239464
16,4,4,27.52040411668759,313,61.868069201239464
16,3,4,27.52040411668759,313,61.868069201239464
16,2,4,27.52040411668759,313,61.868069201239464
9,8,4,27.52040411668759,313,61.868069201239464
16,8,4,27.52040411668759,313,61.868069201239464
16,6,4,27.52040411668759,313,61.868069201239464
16,7,4,27.52040411668759,313,61.868069201239464
12,3,4,27.52040411668759,313,61.868069201239464
12,2,4,27.52040411668759,313,61.868069201239464
12,4,4,27.52040411668759,313,61.868069201239464
12,5,4,27.52040411668759,313,61.868069201239464
12,7,4,27.52040411668759,313,61.868069201239464
9,2,4,27.52040411668759,313,61.868069201239464
9,3,4,27.52040411668759,313,61.868069201239464
16,5,4,27.52040411668759,313,61.868069201239464
9,6,4,27.52040411668759,313,61.868069201239464
9,7,4,27.52040411668759,313,61.868069201239464
9,5,4,27.52040411668759,313,61.868069201239464
12,6,4,27.52040411668759,313,61.868069201239464
12,8,4,27.52040411668759,313,61.868069201239464
9,4,4,27.52040411668759,313,61.868069201239464
6,8,4,27.52040411668759,313,61.868069201239464
13,2,4,27.52040411668759,313,61.868069201239464
15,2,4,27.52040411668759,313,61.868069201239464
8,2,4,27.52040411668759,313,61.868069201239464
13,8,4,27.52040411668759,313,61.868069201239464
13,7,4,27.52040411668759,313,61.868069201239464
15,6,4,27.52040411668759,313,61.868069201239464
15,3,4,27.52040411668759,313,61.868069201239464
15,5,4,27.52040411668759,313,61.868069201239464
15,4,4,27.52040411668759,313,61.868069201239464
8,3,4,27.52040411668759,313,61.868069201239464
15,8,4,27.52040411668759,313,61.868069201239464
15,7,4,27.52040411668759,313,61.868069201239464
8,4,4,27.52040411668759,313,61.868069201239464
8,7,4,27.52040411668759,313,61.868069201239464
8,6,4,27.52040411668759,313,61.868069201239464
8,5,4,27.52040411668759,313,61.868069201239464
8,8,4,27.52040411668759,313,61.868069201239464
18,6,4,27.52040411668759,313,61.868069201239464
18,5,4,27.52040411668759,313,61.868069201239464
10,8,4,27.52040411668759,313,61.868069201239464
10,7,4,27.52040411668759,313,61.868069201239464
10,6,4,27.52040411668759,313,61.868069201239464
7,4,4,27.52040411668759,313,61.868069201239464
7,2,4,27.52040411668759,313,61.868069201239464
7,3,4,27.52040411668759,313,61.868069201239464
14,6,4,27.52040411668759,313,61.868069201239464
14,5,4,27.52040411668759,313,61.868069201239464
14,8,4,27.52040411668759,313,61.868069201239464
14,7,4,27.52040411668759,313,61.868069201239464
14,4,4,27.52040411668759,313,61.868069201239464
14,3,4,27.52040411668759,313,61.868069201239464
19,8,4,27.52040411668759,313,61.868069201239464
14,2,4,27.52040411668759,313,61.868069201239464
18,2,4,27.52040411668759,313,61.868069201239464
18,8,4,27.52040411668759,313,61.868069201239464
6,7,4,27.52040411668759,313,61.868069201239464
6,6,4,27.52040411668759,313,61.868069201239464
13,6,4,27.52040411668759,313,61.868069201239464
13,5,4,27.52040411668759,313,61.868069201239464
13,4,4,27.52040411668759,313,61.868069201239464
13,3,4,27.52040411668759,313,61.868069201239464
6,4,4,27.52040411668759,313,61.868069201239464
6,5,4,27.52040411668759,313,61.868069201239464
6,3,4,27.52040411668759,313,61.868069201239464
7,5,4,27.52040411668759,313,61.868069201239464
7,7,4,27.52040411668759,313,61.868069201239464
7,6,4,27.52040411668759,313,61.868069201239464
7,8,4,27.52040411668759,313,61.868069201239464
6,2,4,27.52040411668759,313,61.868069201239464
19,6,4,27.52040411668759,313,61.868069201239464
10,5,4,27.52040411668759,313,61.868069201239464
18,4,4,27.52040411668759,313,61.868069201239464
18,3,4,27.52040411668759,313,61.868069201239464
19,7,4,27.52040411668759,313,61.868069201239464
18,7,4,27.52040411668759,313,61.868069201239464
10,4,4,27.52040411668759,313,61.868069201239464
19,5,4,27.52040411668759,313,61.868069201239464
19,2,4,27.52040411668759,313,61.868069201239464
19,3,4,27.52040411668759,313,61.868069201239464
19,4,4,27.52040411668759,313,61.868069201239464
5,3,3,24.420449466558324,411,62.08479351991215
5,2,3,24.420449466558324,411,62.08479351991215
5,6,3,24.420449466558324,411,62.08479351991215
5,4,3,24.420449466558324,411,62.08479351991215
5,5,3,24.420449466558324,411,62.08479351991215
10,5,2,35.53046157859346,416,62.56995050551334
13,5,2,35.53046157859346,416,62.56995050551334
7,5,2,35.53046157859346,416,62.56995050551334
15,5,2,35.53046157859346,416,62.56995050551334
14,5,2,35.53046157859346,416,62.56995050551334
9,5,2,35.53046157859346,416,62.56995050551334
12,5,2,35.53046157859346,416,62.56995050551334
16,5,2,35.53046157859346,416,62.56995050551334
8,5,2,35.53046157859346,416,62.56995050551334
18,5,2,35.53046157859346,416,62.56995050551334
11,5,2,35.53046157859346,416,62.56995050551334
19,5,2,35.53046157859346,416,62.56995050551334
17,5,2,35.53046157859346,416,62.56995050551334
5,6,4,27.358147763206873,429,62.623041615156374
5,8,4,27.358147763206873,429,62.623041615156374
5,2,4,27.358147763206873,429,62.623041615156374
5,5,4,27.358147763206873,429,62.623041615156374
5,4,4,27.358147763206873,429,62.623041615156374
5,7,4,27.358147763206873,429,62.623041615156374
5,3,4,27.358147763206873,429,62.623041615156374
19,2,3,23.35056382990828,436,63.04905768644314
19,3,3,23.35056382990828,436,63.04905768644314
19,4,3,23.35056382990828,436,63.04905768644314
19,5,3,23.35056382990828,436,63.04905768644314
19,6,3,23.35056382990828,436,63.04905768644314
18,5,3,23.35056382990828,436,63.04905768644314
18,4,3,23.35056382990828,436,63.04905768644314
18,3,3,23.35056382990828,436,63.04905768644314
7,2,3,23.35056382990828,436,63.04905768644314
14,6,3,23.35056382990828,436,63.04905768644314
7,3,3,23.35056382990828,436,63.04905768644314
18,6,3,23.35056382990828,436,63.04905768644314
13,2,3,23.35056382990828,436,63.04905768644314
7,6,3,23.35056382990828,436,63.04905768644314
7,5,3,23.35056382990828,436,63.04905768644314
7,4,3,23.35056382990828,436,63.04905768644314
13,3,3,23.35056382990828,436,63.04905768644314
15,5,3,23.35056382990828,436,63.04905768644314
15,3,3,23.35056382990828,436,63.04905768644314
15,4,3,23.35056382990828,436,63.04905768644314
8,5,3,23.35056382990828,436,63.04905768644314
8,4,3,23.35056382990828,436,63.04905768644314
8,3,3,23.35056382990828,436,63.04905768644314
8,6,3,23.35056382990828,436,63.04905768644314
8,2,3,23.35056382990828,436,63.04905768644314
13,6,3,23.35056382990828,436,63.04905768644314
13,4,3,23.35056382990828,436,63.04905768644314
13,5,3,23.35056382990828,436,63.04905768644314
14,5,3,23.35056382990828,436,63.04905768644314
14,4,3,23.35056382990828,436,63.04905768644314
14,3,3,23.35056382990828,436,63.04905768644314
14,2,3,23.35056382990828,436,63.04905768644314
12,5,3,23.35056382990828,436,63.04905768644314
12,4,3,23.35056382990828,436,63.04905768644314
12,3,3,23.35056382990828,436,63.04905768644314
12,6,3,23.35056382990828,436,63.04905768644314
12,2,3,23.35056382990828,436,63.04905768644314
15,6,3,23.35056382990828,436,63.04905768644314
9,2,3,23.35056382990828,436,63.04905768644314
11,4,3,23.35056382990828,436,63.04905768644314
16,6,3,23.35056382990828,436,63.04905768644314
9,3,3,23.35056382990828,436,63.04905768644314
9,4,3,23.35056382990828,436,63.04905768644314
17,6,3,23.35056382990828,436,63.04905768644314
17,5,3,23.35056382990828,436,63.04905768644314
17,4,3,23.35056382990828,436,63.04905768644314
17,3,3,23.35056382990828,436,63.04905768644314
17,2,3,23.35056382990828,436,63.04905768644314
16,5,3,23.35056382990828,436,63.04905768644314
16,4,3,23.35056382990828,436,63.04905768644314
16,3,3,23.35056382990828,436,63.04905768644314
16,2,3,23.35056382990828,436,63.04905768644314
11,6,3,23.35056382990828,436,63.04905768644314
11,5,3,23.35056382990828,436,63.04905768644314
11,3,3,23.35056382990828,436,63.04905768644314
15,2,3,23.35056382990828,436,63.04905768644314
9,6,3,23.35056382990828,436,63.04905768644314
11,2,3,23.35056382990828,436,63.04905768644314
9,5,3,23.35056382990828,436,63.04905768644314
10,6,3,23.35056382990828,436,63.04905768644314
10,4,3,23.35056382990828,436,63.04905768644314
10,5,3,23.35056382990828,436,63.04905768644314
10,2,3,23.35056382990828,436,63.04905768644314
10,3,3,23.35056382990828,436,63.04905768644314
18,2,3,23.35056382990828,436,63.04905768644314
5,4,2,36.04921185294697,501,63.101177331230836
5,2,2,36.04921185294697,501,63.101177331230836
5,3,2,36.04921185294697,501,63.101177331230836
4,5,1,41.85738135272886,504,63.69330918162093
4,3,1,42.36513564158526,505,63.835273041140496
6,5,2,35.6596649165557,506,63.83923616886333
3,2,2,30.27570393832841,507,64.11837854853566
3,3,2,30.27570393832841,507,64.11837854853566
3,5,2,30.27570393832841,507,64.11837854853566
3,4,2,30.27570393832841,507,64.11837854853566
4,4,1,42.04019361385021,511,64.25388215548764
9,2,1,45.82866076387341,512,64.97860290209087
7,2,1,41.180258829850395,513,65.32678528467491
16,2,1,41.637435739703164,514,66.83449452796212
12,2,1,41.637435739703164,514,66.83449452796212
15,2,1,41.637435739703164,514,66.83449452796212
19,2,1,41.637435739703164,514,66.83449452796212
11,2,1,41.637435739703164,514,66.83449452796212
17,2,1,41.637435739703164,514,66.83449452796212
14,2,1,41.637435739703164,514,66.83449452796212
13,2,1,41.637435739703164,514,66.83449452796212
18,2,1,41.637435739703164,514,66.83449452796212
10,2,1,43.91135574671716,523,67.99928096842216
9,5,1,49.20877167613526,524,68.16462681012005
14,5,1,49.20877167613526,524,68.16462681012005
15,5,1,49.20877167613526,524,68.16462681012005
7,5,1,49.20877167613526,524,68.16462681012005
18,5,1,49.20877167613526,524,68.16462681012005
10,5,1,49.20877167613526,524,68.16462681012005
16,5,1,49.20877167613526,524,68.16462681012005
17,5,1,49.20877167613526,524,68.16462681012005
11,5,1,49.20877167613526,524,68.16462681012005
12,5,1,49.20877167613526,524,68.16462681012005
13,5,1,49.20877167613526,524,68.16462681012005
19,5,1,49.20877167613526,524,68.16462681012005
3,2,1,42.28677419117726,536,68.42905057183859
4,2,1,49.65240062884166,537,68.53439428773702
7,3,1,48.2029972335757,538,68.6576896554057
8,4,1,49.705633579035336,539,68.83517935894245
6,2,1,39.42780487162912,540,69.10837244115368
8,3,1,50.95515349823852,541,69.1274314689481
6,4,1,49.944702840566976,542,69.19509672398252
6,3,1,51.9467890223369,543,69.39603643879883
3,5,1,41.77473663279379,544,70.18041829356552
3,4,1,41.77473663279379,544,70.18041829356552
3,3,1,41.77473663279379,544,70.18041829356552
8,5,1,53.8077607977042,547,70.50616245263986
13,4,1,53.25698421864009,548,70.68211425489979
18,4,1,53.25698421864009,548,70.68211425489979
14,4,1,53.25698421864009,548,70.68211425489979
10,4,1,53.25698421864009,548,70.68211425489979
12,4,1,53.25698421864009,548,70.68211425489979
19,4,1,53.25698421864009,548,70.68211425489979
11,4,1,53.25698421864009,548,70.68211425489979
17,4,1,53.25698421864009,548,70.68211425489979
16,4,1,53.25698421864009,548,70.68211425489979
9,4,1,53.25698421864009,548,70.68211425489979
15,4,1,53.25698421864009,548,70.68211425489979
5,5,1,53.2190577327276,559,71.44751487105432
5,2,1,49.899791113226335,560,72.03968829472089
8,2,1,45.45314110002777,561,72.12105850972394
6,5,1,48.07701510918574,562,72.18792877337042
7,4,1,52.70341077307441,563,74.32898155920017
5,4,1,50.99164360295501,564,76.3156427375789
17,3,1,48.170412806817374,565,77.04877195708835
14,3,1,48.170412806817374,565,77.04877195708835
11,3,1,48.170412806817374,565,77.04877195708835
12,3,1,48.170412806817374,565,77.04877195708835
15,3,1,48.170412806817374,565,77.04877195708835
13,3,1,48.170412806817374,565,77.04877195708835
16,3,1,48.170412806817374,565,77.04877195708835
10,3,1,48.170412806817374,565,77.04877195708835
18,3,1,48.170412806817374,565,77.04877195708835
19,3,1,48.170412806817374,565,77.04877195708835
9,3,1,50.02453599890119,575,78.01590668030622
5,3,1,52.866446754412394,576,80.80274809042791
1,2,3,42.691206694337914,577,82.74811643576007
1,4,3,42.691206694337914,577,82.74811643576007
1,3,3,42.691206694337914,577,82.74811643576007
1,6,3,42.691206694337914,577,82.74811643576007
1,7,3,42.691206694337914,577,82.74811643576007
1,8,3,42.691206694337914,577,82.74811643576007
1,5,3,42.691206694337914,577,82.74811643576007
1,2,4,42.691206694337914,577,82.74811643576007
1,3,4,42.691206694337914,577,82.74811643576007
1,4,4,42.691206694337914,577,82.74811643576007
1,5,4,42.691206694337914,577,82.74811643576007
1,6,4,42.691206694337914,577,82.74811643576007
1,7,4,42.691206694337914,577,82.74811643576007
1,8,4,42.691206694337914,577,82.74811643576007
1,9,3,42.691206694337914,577,82.74811643576007
1,9,4,42.691206694337914,577,82.74811643576007
1,5,2,42.691206694337914,577,82.74811643576007
1,7,2,42.691206694337914,577,82.74811643576007
1,6,2,42.691206694337914,577,82.74811643576007
1,8,2,42.691206694337914,577,82.74811643576007
1,9,2,42.691206694337914,577,82.74811643576007
1,2,1,42.691206694337914,577,82.74811643576007
1,3,1,42.691206694337914,577,82.74811643576007
1,4,1,42.691206694337914,577,82.74811643576007
1,5,1,42.691206694337914,577,82.74811643576007
1,6,1,42.691206694337914,577,82.74811643576007
1,7,1,42.691206694337914,577,82.74811643576007
1,8,1,42.691206694337914,577,82.74811643576007
1,9,1,42.691206694337914,577,82.74811643576007
1,2,2,42.691206694337914,577,82.74811643576007
1,3,2,42.691206694337914,577,82.74811643576007
1,4,2,42.691206694337914,577,82.74811643576007
