municipio_codigo,municipio,universo,pct_algun,conjunto
20101,Nuestra Señora de La Paz,250931,89.8354527738701,train
20102,Palca,7585,52.15557020435069,test
20103,Mecapaca,6849,67.1630895021171,train
20104,Achocalla,16297,68.85929925753206,test
20105,El Alto,297898,84.12006794271865,train
20201,Achacachi,18316,48.187377156584404,test
20202,Villa Ancoraimes,6737,33.60546237197566,train
20203,Huarina,3956,46.1577350859454,train
20204,Santiago de Huata,4479,43.73744139316812,test
20205,Huatajata,2509,52.69031486648067,test
20206,Chua Cocani,2631,49.2208285822881,train
20301,Corocoro,5244,43.34477498093059,test
20302,Caquiaviri,5233,47.35333460729983,test
20303,Calacoto,5108,30.24667188723571,train
20304,Comanche,1930,50.20725388601036,train
20305,Charaña,1742,40.70034443168771,train
20306,Waldo Ballivián,1463,37.04716336295284,train
20307,Nazacara de Pacajes,1213,48.2275350370981,test
20308,Santiago de Callapa,3569,35.02381619501261,train
20401,Puerto Acosta,6604,36.644457904300424,test
20402,Mocomoco,8013,33.88244103332085,train
20403,Puerto Mayor de Carabuco,7065,37.05590941259731,train
20404,Humanata,2527,29.402453502176495,test
20405,Escoma,4116,37.12342079689018,train
20501,Chuma,6388,34.07952410770194,train
20502,Ayata,3494,24.32741843159702,test
20503,Aucapata,2500,38.080000000000005,test
20601,Sorata,11459,51.61008814032638,test
20602,Guanay,6269,63.13606635827086,train
20603,Tacacoma,4152,52.23988439306358,train
20604,Quiabaya,1391,35.37023723939612,test
20605,Combaya,1425,37.6140350877193,train
20606,Tipuani,3243,72.43293246993524,train
20607,Mapiri,6898,71.60046390258046,train
20608,Teoponte,4602,58.691873098652756,test
20701,Apolo,6164,51.52498377676833,train
20702,Pelechuco,3068,44.6870925684485,train
20801,Viacha,41941,69.36410672134666,train
20802,Puerto Mayor de Guaqui,3220,48.850931677018636,train
20803,Tiahuanacu,4653,43.47732645604986,train
20804,Desaguadero,2675,60.89719626168224,train
20805,La (Marka) San Andrés de Machaca,3114,42.03596660244059,test
20806,Jesús de Machaka,5887,41.10752505520638,train
20807,Taraco,2562,44.02810304449648,train
20901,Luribay,4434,47.78980604420388,train
20902,Sapahaqui,6638,54.36878577884905,train
20903,Yaco,4142,38.749396426846936,train
20904,Malla,1777,40.12380416432189,train
20905,Cairoma,4892,48.180703188879804,test
21001,Inquisivi,7144,41.86730123180291,train
21002,Quime,4434,57.4424898511502,train
21003,Cajuata,5809,56.53296608710622,train
21004,Colquiri,7870,56.03557814485387,train
21005,Ichoca,3455,39.507959479015916,test
21006,Villa Libertad Licoma,1871,51.042223409941215,test
21101,Chulumani,7214,60.45189908511228,train
21102,Irupana,9458,56.63988158172975,train
21103,Yanacachi,2998,68.71247498332221,train
21104,Palos Blancos,11630,60.81685296646604,train
21105,La Asunta,18380,51.59412404787813,train
21201,Pucarani,21459,49.74602730788946,train
21202,Laja,13613,52.912657019025936,train
21203,Batallas,8503,46.3718687522051,train
21204,Puerto Pérez,3188,35.006273525721454,test
21301,Sicasica,12627,49.02193711887225,train
21302,Umala,3921,46.926804386636064,train
21303,Ayo Ayo,4794,46.07843137254902,test
21304,Calamarca,5467,46.22279129321383,test
21305,Patacamaya,9347,57.57997218358831,train
21306,Colquencha,4480,48.348214285714285,train
21307,Collana,1653,54.567453115547494,train
21401,Coroico,10376,62.268696993060914,train
21402,Coripata,8913,56.70369123751823,train
21501,Ixiamas,3306,44.37386569872958,test
21502,San Buenaventura,2849,67.81326781326781,train
21601,Charazani,5022,35.603345280764636,test
21602,Curva,1656,33.9975845410628,test
21701,Copacabana,6817,53.571952471761776,test
21702,San Pedro de Tiquina,3631,52.90553566510603,train
21703,Tito Yupanqui,1474,40.70556309362279,test
21801,San Pedro de Curahuara,3484,42.53731343283582,train
21802,Papel Pampa,2888,51.17728531855956,train
21803,Chacarilla,881,48.35414301929625,train
21901,Santiago de Machaca,2956,45.66982408660352,train
21902,Catacora,1695,44.011799410029504,train
22001,Caranavi,21081,65.74640671694891,train
22002,Alto Beni,4491,61.43397906924961,train
